Code,Infectious,Exposed
AE,17431.0,31375.8
AF,21185.0,38133.0
AG,200.0,360.0
AL,1199.0,2158.2
AM,4001.0,7201.8
AO,1326.0,2386.8
AR,18734.0,33721.2
AT,15393.0,27707.4
AU,41105.0,73989.0
AU-ACT,677.7331,1219.9196
AU-NSW,13116.893,23610.406
AU-NT,398.8573,717.9431
AU-QLD,8260.886,14869.595
AU-SA,2840.642,5113.156
AU-TAS,865.8122,1558.4619
AU-VIC,10692.942,19247.297
AU-WA,4251.235,7652.223
AZ,3732.0,6717.6
BA,4908.0,8834.4
BB,324.0,583.2
BD,26052.0,46893.6
BE,200420.0,360756.0
BF,4413.0,7943.4
BG,2665.0,4797.0
BH,768.0,1382.4
BJ,200.0,360.0
BN,100.0,180.0
BO,3318.0,5972.4
BR,207543.0,373577.4
BT,40.0,72.0
BY,28223.0,50801.4
CA,242193.0,435947.4
CA-AB,29370.984,52867.77
CA-BC,31239.436,56230.984
CA-MB,9201.116,16562.01
CA-NB,5215.534,9387.961
CA-NL,3501.6665,6302.9995
CA-NS,6526.1387,11747.05
CA-NT,295.72617,532.30707
CA-NU,255.39986,459.71976
CA-ON,90384.664,162692.4
CA-PE,1048.4836,1887.2705
CA-QC,57028.1,102650.58
CA-SK,7890.5117,14202.921
CA-YT,235.23671,423.4261
CF,400.0,720.0
CH,80568.0,145022.4
CI,6759.0,12166.2
CL,30439.0,54790.2
CM,3854.0,6937.2
CN,4000.0,7200.0
CN-AH,179.02441,322.24396
CN-BJ,62.19655,111.95379
CN-CQ,88.01071,158.41928
CN-FJ,111.35608,200.44093
CN-GD,327.6147,589.7064
CN-GS,73.84757,132.92563
CN-GX,139.6968,251.45424
CN-GZ,100.32875,180.59175
CN-HA,275.24716,495.4449
CN-HB,168.9182,304.05276
CN-HE,215.69554,388.25198
CN-HI,26.732388,48.118298
CN-HK,21.604204,38.88757
CN-HL,110.62554,199.12598
CN-HN,194.53024,350.15445
CN-JL,79.296265,142.73328
CN-JS,232.15425,417.87766
CN-JX,130.51457,234.92624
CN-LN,126.76084,228.16951
CN-MO,1.7960192,3.2328346
CN-NM,71.33834,128.40901
CN-NX,18.194078,32.74934
CN-QH,16.24791,29.246237
CN-SC,234.17549,421.51587
CN-SD,290.11197,522.20154
CN-SH,69.992775,125.98699
CN-SN,107.781364,194.00645
CN-SX,105.39341,189.70813
CN-TJ,45.10549,81.18988
CN-XJ,68.144775,122.6606
CN-XZ,9.18222,16.527996
CN-YN,132.7264,238.9075
CN-ZJ,165.65533,298.1796
CO,33169.0,59704.2
CR,3000.0,5400.0
CU,7953.0,14315.4
CY,1813.0,3263.4
CZ,8296.0,14932.8
DE,234265.0,421677.0
DJ,280.0,504.0
DK,18229.0,32812.2
DO,24248.0,43646.4
DZ,46994.0,84589.2
EC,42842.0,77115.6
EE,2070.0,3726.0
EG,80000.0,144000.0
ER,400.0,720.0
ES,726230.0,1307214.0
ET,600.0,1080.0
FI,5710.0,10278.0
FJ,80.0,144.0
FR,1032283.0,1858109.4
G-AAB,1.6613575,2.9904437
G-AAC,825.327,1485.5886
G-AAE,2408.4873,4335.277
G-AAL,1691.4868,3044.6763
G-AAN,1551.5083,2792.7148
G-AAQ,297.89078,536.2034
G-AAR,2018.7352,3633.7234
G-AAT,0.7048331,1.2686995
G-AAX,475.44443,855.8
G-ABA,506.96378,912.5348
G-ABB,257.74872,463.9477
G-ABD,7047.429,12685.373
G-ABE,6617.633,11911.738
G-ABI,2726.4922,4907.686
G-ABJ,5646.4707,10163.647
G-ABK,7.087786,12.758015
G-ABL,20.599798,37.07964
G-ABQ,7138.5527,12849.3955
G-ABR,440.31058,792.5591
G-ABS,26.173618,47.11251
G-ABT,1674.4689,3014.044
G-ABU,204.0177,367.23187
G-ABV,162.5455,292.5819
G-ABX,468.72656,843.7078
G-ABY,2641.8376,4755.308
G-ABZ,8673.927,15613.068
G-ACA,955.4273,1719.7692
G-ACC,2876.9688,5178.5435
G-ACE,1964.3624,3535.8523
G-ACH,9566.0625,17218.912
G-ACP,23024.404,41443.93
G-ACR,12.82543,23.085773
G-ACT,3402.2405,6124.0327
G-ACU,288.28708,518.91675
G-ACV,986.9223,1776.4601
G-ACX,16.8454,30.321718
G-ACY,14285.404,25713.729
G-ACZ,4911.1963,8840.153
G-ADA,17489.252,31480.654
G-ADB,22764.135,40975.44
G-ADD,141.46835,254.64302
G-ADF,5466.915,9840.447
G-ADH,9.512313,17.122164
G-ADK,0.8514034,1.5325261
G-ADL,2403.6736,4326.6123
G-ADQ,107.8129,194.06322
G-ADU,11070.067,19926.121
G-ADV,58.406605,105.13189
G-ADZ,43.645737,78.562325
G-AEB,12.055722,21.7003
G-AEG,826.58606,1487.855
G-AER,408.5124,735.3223
G-AES,193.43674,348.18613
G-AET,1.6334332,2.9401798
G-AEX,2445.49,4401.882
G-AEY,133.92537,241.06567
G-AFA,138.63222,249.53798
G-AFL,273.34583,492.02246
G-AFS,35.977524,64.75954
G-AFZ,9423.26,16961.87
G-AGA,1615.0668,2907.1204
G-AGB,5400.957,9721.723
G-AGF,7161.8433,12891.318
G-AGH,3952.874,7115.173
G-AGP,24772.582,44590.65
G-AGR,8159.578,14687.24
G-AGS,5174.2114,9313.58
G-AGT,192.8877,347.19785
G-AGU,840.2958,1512.5323
G-AGX,13.132363,23.638254
G-AHB,1182.0391,2127.6704
G-AHN,6866.257,12359.262
G-AHO,5732.9717,10319.349
G-AHU,635.23486,1143.4229
G-AIA,188.93881,340.08987
G-AIN,1.248725,2.247705
G-AJA,1526.728,2748.1106
G-AJF,367.32803,661.1904
G-AJI,4252.899,7655.2183
G-AJL,615.86884,1108.5638
G-AJR,304.95703,548.92267
G-AJU,2757.066,4962.7188
G-AJY,280.2284,504.41107
G-AKB,9.762759,17.572966
G-AKJ,288.49414,519.2894
G-AKL,452.5982,814.6768
G-AKN,19.840853,35.713535
G-AKP,4.856153,8.741075
G-AKU,4.9539814,8.917167
G-AKV,3.236871,5.826368
G-AKX,138.6696,249.60529
G-ALA,532.6191,958.71436
G-ALB,5982.211,10767.9795
G-ALC,34076.664,61337.992
G-ALF,23.2443,41.83974
G-ALG,10707.934,19274.281
G-ALH,134.35883,241.8459
G-ALO,2165.23,3897.414
G-ALS,668.9815,1204.1667
G-ALW,630.07306,1134.1315
G-AMA,3068.2207,5522.7974
G-AMD,4824.7563,8684.562
G-AMF,9.155909,16.480635
G-AMH,87.54987,157.58977
G-AMM,384.132,691.4376
G-AMQ,139.19626,250.55325
G-AMS,129694.33,233449.8
G-AMV,0.47708154,0.85874677
G-ANC,2477.7542,4459.9575
G-ANE,21377.303,38479.145
G-ANF,534.1933,961.5479
G-ANI,5.568809,10.023856
G-ANM,9.397544,16.915579
G-ANS,3079.1316,5542.437
G-ANU,200.0,360.0
G-ANX,6.630776,11.935397
G-AOE,7702.5264,13864.548
G-AOG,28.553247,51.395844
G-AOI,14608.09,26294.562
G-AOJ,341.85245,615.3344
G-AOK,3.2643335,5.8758
G-AOR,243.34451,438.0201
G-APN,765.89014,1378.6023
G-APO,433.99442,781.18994
G-AQA,1294.7856,2330.6143
G-AQG,32.733486,58.920277
G-AQI,359.97708,647.9588
G-AQJ,13.867999,24.962399
G-AQP,5604.026,10087.246
G-ARC,2.9641452,5.3354616
G-ARH,211.34447,380.42004
G-ARI,388.87283,699.9711
G-ARK,25.58828,46.058903
G-ARM,126.0091,226.81639
G-ARN,16337.718,29407.893
G-ART,821.19446,1478.15
G-ARU,1216.825,2190.285
G-ASE,1270.3002,2286.5403
G-ASF,229.42693,412.96844
G-ASJ,48.34221,87.015976
G-ASM,322.7691,580.9844
G-ASO,15.345999,27.622797
G-ASP,73.214836,131.78671
G-ASR,8797.12,15834.816
G-ASU,381.1123,686.00214
G-ASV,59.91669,107.850044
G-ASW,954.03687,1717.2664
G-ATA,6029.877,10853.778
G-ATH,2206.9028,3972.4248
G-ATK,4.8056993,8.650259
G-ATL,31329.572,56393.23
G-ATM,227.06758,408.72165
G-ATQ,2947.7798,5306.0034
G-ATY,756.2317,1361.217
G-ATZ,8373.107,15071.594
G-AUC,105.821915,190.47945
G-AUG,2238.5955,4029.4717
G-AUH,2720.427,4896.7686
G-AUR,2734.912,4922.842
G-AUS,10478.353,18861.035
G-AUU,2.2062685,3.9712837
G-AUX,570.1089,1026.196
G-AVA,11.355633,20.440138
G-AVL,5212.9805,9383.365
G-AVP,4479.5884,8063.259
G-AVV,1028.8485,1851.9272
G-AWZ,18475.9,33256.62
G-AXD,94.807205,170.65297
G-AXT,321.74573,579.1423
G-AXU,12.638618,22.749514
G-AYP,4355.5005,7839.9004
G-AYQ,6.7826457,12.208762
G-AYT,10654.982,19178.969
G-AZD,10042.115,18075.809
G-AZN,259.15384,466.4769
G-AZO,4085.4844,7353.8716
G-AZR,115.386314,207.69537
G-AZS,1117.8418,2012.1151
G-BAH,768.0,1382.4
G-BAL,5175.776,9316.396
G-BAQ,1703.8236,3066.8823
G-BAV,7.45146,13.412627
G-BAX,952.17346,1713.9122
G-BAZ,45.342064,81.615715
G-BBA,143.29912,257.93842
G-BBI,5986.953,10776.516
G-BBN,2.1354167,3.8437502
G-BBO,41.33618,74.40513
G-BCA,87.339424,157.21097
G-BCD,1197.9697,2156.3455
G-BCI,8.681303,15.626346
G-BCM,5053.203,9095.766
G-BCN,77500.05,139500.1
G-BDB,199.45876,359.02576
G-BDH,503.0647,905.5164
G-BDJ,600.1531,1080.2755
G-BDL,12988.703,23379.666
G-BDO,6435.8647,11584.557
G-BDP,81.565155,146.81728
G-BDQ,3943.8538,7098.9365
G-BDS,24014.922,43226.86
G-BDU,36.621918,65.91945
G-BEB,177.8351,320.10315
G-BEG,14654.005,26377.209
G-BEJ,45.59556,82.07201
G-BEL,4947.646,8905.763
G-BES,7431.9673,13377.541
G-BET,66.683624,120.030525
G-BEU,1.0756226,1.9361205
G-BEY,554.0,997.2
G-BFD,983.24744,1769.8453
G-BFF,511.7122,921.0819
G-BFJ,15.099038,27.178268
G-BFL,4272.7295,7690.9126
G-BFN,940.2056,1692.3701
G-BFS,27042.867,48677.16
G-BFV,364.1583,655.4849
G-BGA,1158.4967,2085.294
G-BGC,594.75085,1070.5515
G-BGF,400.0,720.0
G-BGG,2677.1313,4818.8364
G-BGI,324.0,583.2
G-BGM,2054.837,3698.7063
G-BGN,1.8810073,3.385813
G-BGO,484.82755,872.6896
G-BGR,1314.0372,2365.267
G-BGW,1224.5807,2204.2454
G-BHB,482.22705,868.0087
G-BHE,12.48042,22.464756
G-BHH,1272.7557,2290.9604
G-BHI,289.6932,521.44775
G-BHJ,319.04794,574.2863
G-BHK,152.97966,275.36337
G-BHM,10821.248,19478.246
G-BHO,3978.8435,7161.918
G-BHQ,49.40008,88.92015
G-BHR,151.95921,273.5266
G-BHU,965.01605,1737.0289
G-BHV,806.2148,1451.1865
G-BHX,71673.984,129013.18
G-BHY,17.188526,30.939348
G-BIA,2009.3596,3616.8474
G-BIB,302.58447,544.65204
G-BID,1164.5018,2096.1033
G-BIK,56.083767,100.950775
G-BIL,1176.7097,2118.0774
G-BIN,1153.0273,2075.4492
G-BIO,29139.484,52451.07
G-BIQ,10953.342,19716.014
G-BIR,206.08069,370.94522
G-BIS,746.43835,1343.589
G-BJA,2361.6545,4250.978
G-BJB,7414.8203,13346.677
G-BJF,10.030688,18.05524
G-BJI,642.35406,1156.2373
G-BJR,61.911915,111.441444
G-BJV,6316.4272,11369.569
G-BJX,1620.6448,2917.1606
G-BJZ,14442.153,25995.877
G-BKC,5.411142,9.740055
G-BKG,1702.2802,3064.1042
G-BKI,361.14755,650.0656
G-BKK,1444.6588,2600.386
G-BKM,8.734104,15.721388
G-BKQ,8.391986,15.105575
G-BKS,765.8668,1378.5603
G-BKW,2485.3867,4473.696
G-BKZ,56.790054,102.2221
G-BLA,222.96806,401.3425
G-BLE,2578.9053,4642.03
G-BLI,2710.6755,4879.2163
G-BLJ,1745.7161,3142.289
G-BLK,33030.215,59454.383
G-BLL,2189.1655,3940.498
G-BLQ,27847.902,50126.223
G-BLR,4968.8784,8943.981
G-BLV,3040.6436,5473.1587
G-BMD,19.358175,34.844715
G-BME,25.295822,45.53248
G-BMI,1540.9323,2773.6782
G-BMU,212.64694,382.7645
G-BMV,11.291066,20.32392
G-BMW,76.249504,137.24911
G-BNA,10887.057,19596.701
G-BND,10944.366,19699.86
G-BNE,3501.7263,6303.1074
G-BNI,218.33133,392.9964
G-BNK,288.4665,519.2397
G-BNN,18.023952,32.443115
G-BNS,178.72205,321.69968
G-BNX,1736.238,3125.2285
G-BOC,1000.35376,1800.6368
G-BOD,24454.953,44018.914
G-BOG,5207.1343,9372.842
G-BOI,4819.629,8675.332
G-BOJ,300.86765,541.56177
G-BOM,7002.1553,12603.879
G-BOO,85.03062,153.05511
G-BOS,34928.285,62870.914
G-BOY,1113.6787,2004.6218
G-BPL,1.4504209,2.6107576
G-BPN,220.74388,397.339
G-BPS,1057.2039,1902.9669
G-BPT,4090.5903,7363.0625
G-BPX,1.8625982,3.3526766
G-BQB,294.3075,529.7535
G-BQG,29.008024,52.214443
G-BQK,1684.0552,3031.2993
G-BQL,3.248167,5.8467007
G-BQS,377.9252,680.2654
G-BQT,3272.5398,5890.572
G-BRA,723.8148,1302.8667
G-BRC,80.03624,144.06523
G-BRD,1117.1892,2010.9407
G-BRE,8254.317,14857.771
G-BRI,31739.47,57131.047
G-BRL,1548.9922,2788.1858
G-BRM,488.49622,879.29315
G-BRN,24369.768,43865.582
G-BRQ,1701.5127,3062.723
G-BRR,33.048843,59.487915
G-BRS,66258.19,119264.734
G-BRU,126225.21,227205.39
G-BRW,35.87877,64.58179
G-BSA,66.36696,119.46053
G-BSB,4783.734,8610.721
G-BSC,67.68609,121.83495
G-BSD,6.853123,12.335622
G-BSG,147.91493,266.2469
G-BSK,2283.1016,4109.5825
G-BSL,21473.691,38652.645
G-BSO,14.933799,26.880838
G-BSR,430.77737,775.3993
G-BTC,37.20163,66.96294
G-BTH,330.99612,595.793
G-BTI,0.6117491,1.1011484
G-BTJ,232.17113,417.90802
G-BTK,248.6088,447.49582
G-BTM,564.7748,1016.5946
G-BTR,5342.4473,9616.405
G-BTS,201.16368,362.0946
G-BTT,0.9396971,1.6914548
G-BTU,69.271164,124.688095
G-BTV,2518.1235,4532.6226
G-BUA,11.034344,19.86182
G-BUC,2.3198657,4.1757584
G-BUD,4466.596,8039.8735
G-BUF,5753.7646,10356.776
G-BUL,13.332991,23.999384
G-BUN,269.12683,484.42828
G-BUQ,1433.9741,2581.1533
G-BUS,114.14189,205.45541
G-BUW,206.09856,370.9774
G-BUZ,7056.219,12701.194
G-BVB,482.09235,867.76624
G-BVE,4803.192,8645.745
G-BVH,227.33766,409.2078
G-BVI,1.4643376,2.6358078
G-BVV,1.8017159,3.2430885
G-BWA,163.51663,294.32996
G-BWI,33159.06,59686.31
G-BWN,100.0,180.0
G-BWT,86.43565,155.58418
G-BWW,251.24457,452.2402
G-BXB,16.997793,30.59603
G-BXR,8114.739,14606.53
G-BXU,885.3478,1593.626
G-BYC,73.997055,133.1947
G-BYF,17407.572,31333.63
G-BYJ,2582.9749,4649.355
G-BYM,326.556,587.80084
G-BYN,0.36335245,0.6540344
G-BYO,203.40926,366.13666
G-BZG,1952.0278,3513.6501
G-BZL,3388.8525,6099.9346
G-BZN,668.7524,1203.7544
G-BZO,15542.878,27977.18
G-BZR,7696.674,13854.013
G-CAB,20.334991,36.60298
G-CAC,990.8291,1783.4923
G-CAE,8140.193,14652.348
G-CAG,14379.59,25883.262
G-CAH,11.875264,21.375475
G-CAI,45683.99,82231.18
G-CAJ,25.902615,46.624706
G-CAK,8212.727,14782.907
G-CAN,173.0483,311.4869
G-CAP,25.159033,45.28626
G-CAW,1469.1207,2644.4175
G-CAZ,27.736425,49.925568
G-CBB,562.6332,1012.7397
G-CBH,178.99113,322.18405
G-CBO,1552.634,2794.7412
G-CBQ,172.99904,311.39825
G-CBR,677.7331,1219.9196
G-CBS,160.02893,288.0521
G-CBT,91.49642,164.69356
G-CCC,250.94586,451.70255
G-CCF,11123.247,20021.846
G-CCJ,2722.558,4900.6045
G-CCM,1274.673,2294.4114
G-CCN,671.3563,1208.4414
G-CCP,4013.5952,7224.4717
G-CCS,983.13983,1769.6517
G-CCU,17928.28,32270.904
G-CDB,4.969673,8.945412
G-CDC,537.6881,967.8386
G-CDG,226195.52,407151.94
G-CDR,248.45847,447.22525
G-CDV,24.621325,44.318386
G-CEB,1929.453,3473.0154
G-CEC,351.61826,632.9129
G-CED,14.532988,26.159376
G-CEE,693.3847,1248.0925
G-CEI,94.66843,170.40317
G-CEK,1956.2922,3521.326
G-CEM,42.00237,75.60426
G-CEN,394.34573,709.8223
G-CER,4495.6157,8092.1084
G-CEZ,392.38547,706.2938
G-CFB,704.9902,1268.9823
G-CFC,1026.0658,1846.9186
G-CFE,16260.783,29269.41
G-CFG,465.94516,838.7013
G-CFK,3480.8538,6265.5366
G-CFN,1854.1022,3337.384
G-CFR,37800.453,68040.81
G-CFS,173.53961,312.3713
G-CFU,53.212482,95.78247
G-CGB,1376.1683,2477.103
G-CGD,37.279686,67.10343
G-CGI,1581.4646,2846.6362
G-CGK,7361.634,13250.94
G-CGM,188.56941,339.42493
G-CGN,12454.082,22417.348
G-CGO,156.94724,282.50504
G-CGP,2253.3848,4056.0925
G-CGQ,60.61867,109.11361
G-CGR,1184.1362,2131.4453
G-CGY,901.32935,1622.3928
G-CHA,6899.4683,12419.043
G-CHC,138.5118,249.32124
G-CHG,12.698787,22.857817
G-CHO,7807.7236,14053.903
G-CHQ,87.47018,157.44632
G-CHR,13624.853,24524.734
G-CHS,5832.587,10498.656
G-CHT,0.18400086,0.33120158
G-CIC,2346.0688,4222.924
G-CID,3251.4954,5852.692
G-CIF,20.18197,36.327545
G-CIH,23.342472,42.01645
G-CIJ,21.54224,38.77603
G-CIK,2.7307975,4.915436
G-CIP,61.40165,110.52297
G-CIT,398.9872,718.177
G-CIU,331.16656,596.0998
G-CIW,8.110958,14.599726
G-CIX,8043.503,14478.306
G-CIY,16077.345,28939.22
G-CIZ,142.8183,257.07294
G-CJA,9231.225,16616.205
G-CJB,2535.3909,4563.7036
G-CJC,357.4992,643.4986
G-CJJ,78.133606,140.64049
G-CJL,159.66649,287.39966
G-CJM,35.853123,64.53562
G-CJS,999.22894,1798.612
G-CJU,8.535353,15.363634
G-CKD,10.098439,18.17719
G-CKG,61.78345,111.21021
G-CKH,1.2380133,2.2284238
G-CKS,585.9959,1054.7926
G-CKX,7.259002,13.066204
G-CKY,500.0,900.0
G-CLE,14608.559,26295.406
G-CLJ,2068.7312,3723.716
G-CLL,3200.7769,5761.3984
G-CLM,706.42456,1271.5642
G-CLO,2629.1704,4732.507
G-CLQ,415.0888,747.15985
G-CLT,16729.062,30112.312
G-CLV,542.4304,976.37476
G-CLY,572.08203,1029.7477
G-CMA,9.141017,16.453829
G-CMB,221.28719,398.31693
G-CME,216.9598,390.52765
G-CMF,24658.365,44385.06
G-CMG,151.75394,273.15707
G-CMH,13282.518,23908.531
G-CMI,2933.1355,5279.6436
G-CMN,5054.521,9098.138
G-CMW,578.6823,1041.6282
G-CMX,326.71353,588.08435
G-CND,3801.011,6841.82
G-CNF,7921.7085,14259.075
G-CNJ,5.521884,9.939391
G-CNM,388.93243,700.07837
G-CNS,384.75516,692.55927
G-CNX,91.86834,165.36302
G-CNY,222.18939,399.9409
G-COD,210.38475,378.69257
G-COK,2853.9717,5137.149
G-COO,200.0,360.0
G-COQ,0.14338021,0.25808436
G-COR,1322.3507,2380.2312
G-COS,4958.978,8926.16
G-COU,2252.6072,4054.6926
G-CPC,45.910896,82.63962
G-CPD,8.227123,14.808823
G-CPE,248.98158,448.16684
G-CPH,7879.2485,14182.647
G-CPO,314.9162,566.8491
G-CPR,525.70966,946.27734
G-CPT,2087.8154,3758.0679
G-CPV,3065.458,5517.824
G-CQD,19667.95,35402.31
G-CRA,4452.3687,8014.2637
G-CRD,100.46399,180.83517
G-CRK,5223.7417,9402.735
G-CRM,621.5279,1118.7502
G-CRP,4557.7856,8204.014
G-CRV,4467.0527,8040.6953
G-CRW,2160.0776,3888.1396
G-CSG,5105.053,9189.096
G-CSH,33.558956,60.40612
G-CSK,48.23954,86.83117
G-CSO,5162.351,9292.231
G-CSX,63.50459,114.30826
G-CSY,813.77985,1464.8037
G-CTA,22765.78,40978.402
G-CTC,212.40886,382.33597
G-CTG,767.8917,1382.2051
G-CTL,12.289786,22.121614
G-CTM,184.01936,331.23486
G-CTS,1371.2474,2468.2454
G-CTU,84.04812,151.28662
G-CUC,826.2004,1487.1606
G-CUE,2739.6997,4931.4595
G-CUF,16883.637,30390.547
G-CUL,642.30115,1156.1421
G-CUM,73.6022,132.48396
G-CUN,400.95316,721.7157
G-CUQ,5.163343,9.294018
G-CUU,675.7293,1216.3127
G-CUZ,5853.2114,10535.78
G-CVG,12926.312,23267.36
G-CVJ,1440.4327,2592.7788
G-CVM,298.30164,536.94293
G-CVN,751.3039,1352.347
G-CWA,2609.535,4697.163
G-CWB,5782.7104,10408.879
G-CWC,877.882,1580.1876
G-CXB,426.2946,767.33026
G-CXF,1.4694592,2.6450267
G-CXJ,1580.39,2844.702
G-CXR,9.190211,16.542381
G-CYO,5.443591,9.798464
G-CYS,1455.5692,2620.0247
G-CYX,3.376218,6.077193
G-CYZ,1319.5935,2375.2683
G-CZE,75.97101,136.7478
G-CZL,3448.7778,6207.8
G-CZM,104.74114,188.53406
G-CZS,234.36436,421.85583
G-CZU,1166.6002,2099.8804
G-CZX,16.861788,30.351217
G-DAC,8404.214,15127.584
G-DAD,9.661432,17.390577
G-DAR,125.465004,225.837
G-DAT,19.692577,35.446636
G-DAU,0.79633695,1.4334065
G-DAV,4504.863,8108.753
G-DAX,12.200988,21.961779
G-DAY,9479.778,17063.602
G-DBA,37.476982,67.458565
G-DBO,126.98896,228.58012
G-DBQ,1766.3877,3179.498
G-DBV,62.04563,111.68214
G-DCN,18.663145,33.593662
G-DCY,0.42992195,0.7738595
G-DDC,846.14795,1523.0663
G-DDG,9.844964,17.720934
G-DDU,232.86656,419.15982
G-DEA,332.44247,598.3964
G-DEB,2064.3633,3715.854
G-DEC,1645.0012,2961.0022
G-DED,6036.487,10865.677
G-DEE,3.3602266,6.048408
G-DEF,16940.117,30492.213
G-DEL,15471.61,27848.898
G-DEN,23697.768,42655.98
G-DFW,46877.53,84379.555
G-DGE,89.61256,161.30261
G-DGO,406.9623,732.53217
G-DGT,710.47577,1278.8564
G-DHI,150.63586,271.14456
G-DHM,1108.0115,1994.4205
G-DHN,2689.0315,4840.257
G-DIB,1309.2924,2356.7263
G-DIE,11.310614,20.359104
G-DIG,2.4485312,4.4073563
G-DIK,280.49008,504.88217
G-DIN,12.632227,22.738008
G-DIR,36.27667,65.298004
G-DIU,750.4507,1350.8113
G-DIW,62.338882,112.20999
G-DIY,6595.17,11871.306
G-DJB,550.13654,990.2457
G-DJE,111.36233,200.45218
G-DJG,40.833145,73.499664
G-DJJ,99.6138,179.30484
G-DKA,179.74103,323.53384
G-DKI,107.752174,193.95392
G-DKR,4651.228,8372.21
G-DKS,0.32782698,0.5900886
G-DLA,1515.2902,2727.5225
G-DLC,18.761305,33.77035
G-DLE,28044.877,50480.78
G-DLG,25.188927,45.34007
G-DLH,1874.5342,3374.1614
G-DLI,13.348337,24.027008
G-DLM,5085.7915,9154.425
G-DLU,12.323168,22.181702
G-DLZ,0.15892008,0.28605616
G-DMB,179.61354,323.30438
G-DMD,16.033165,28.859697
G-DME,16389.59,29501.26
G-DMM,165.71242,298.28235
G-DMU,1260.3292,2268.5925
G-DND,8179.3843,14722.892
G-DNH,1.6620289,2.991652
G-DNK,1375.6713,2476.2083
G-DNR,8298.149,14936.668
G-DNZ,8655.091,15579.164
G-DOB,12.60368,22.686623
G-DOG,16.274986,29.294977
G-DOH,5321.0,9577.8
G-DOK,2727.245,4909.041
G-DOP,35.63023,64.134415
G-DOU,656.44574,1181.6023
G-DOV,6090.9966,10963.794
G-DOY,30.84314,55.517654
G-DPL,277.41083,499.33948
G-DPO,144.61517,260.3073
G-DPS,1093.1555,1967.68
G-DQA,18.200052,32.760094
G-DRG,5.6255693,10.126024
G-DRO,596.03296,1072.8593
G-DRS,7591.63,13664.934
G-DRT,1173.5957,2112.4722
G-DRV,32.311817,58.16127
G-DRW,267.10983,480.7977
G-DSA,51855.676,93340.22
G-DSK,730.1408,1314.2534
G-DSM,5383.219,9689.795
G-DSN,3.6810822,6.625948
G-DTD,80.78927,145.42068
G-DTM,9733.475,17520.254
G-DTW,28035.135,50463.246
G-DUB,21752.898,39155.215
G-DUD,39.32796,70.79033
G-DUJ,1097.3264,1975.1875
G-DUR,2040.9395,3673.6912
G-DUS,15621.579,28118.842
G-DUT,18.251566,32.85282
G-DVD,11.423552,20.562393
G-DVL,317.28604,571.11487
G-DVO,1997.9327,3596.2788
G-DWD,1152.2426,2074.0366
G-DXB,8725.183,15705.329
G-DYG,10.335421,18.603756
G-DYR,5.949527,10.709148
G-DZN,59.087032,106.35666
G-EAA,4.6648765,8.396777
G-EAM,230.2121,414.38177
G-EAR,658.73315,1185.7197
G-EAT,1770.6222,3187.1199
G-EAU,2464.5796,4436.243
G-EBA,4046.7407,7284.1333
G-EBB,531.83185,957.29736
G-EBD,122.337265,220.20708
G-EBH,318.4131,573.14355
G-EBL,268.707,483.67258
G-EBU,16663.479,29994.26
G-ECP,1924.8346,3464.7024
G-EDI,30138.697,54249.656
G-EDL,122.74332,220.93797
G-EDO,12262.163,22071.895
G-EDR,1.6098839,2.897791
G-EFL,14.0808525,25.345533
G-EGC,10712.511,19282.52
G-EGN,46.69399,84.04918
G-EGO,890.6593,1603.1868
G-EGS,179.57402,323.23322
G-EGX,0.9775373,1.759567
G-EIN,55082.668,99148.8
G-EJA,640.1532,1152.2758
G-EJH,119.39568,214.91223
G-EKO,569.1611,1024.49
G-EKS,44.657764,80.38398
G-ELC,3.896012,7.0128217
G-ELD,1214.9197,2186.8555
G-ELF,50.56184,91.011314
G-ELG,471.87378,849.3728
G-ELI,8.532954,15.359318
G-ELM,1337.3744,2407.274
G-ELP,7037.188,12666.938
G-ELQ,1189.9001,2141.8203
G-ELS,754.38,1357.8839
G-ELU,784.9747,1412.9543
G-ELY,168.07478,302.5346
G-EMA,53539.64,96371.35
G-EMD,59.27106,106.68791
G-EMK,6.2247047,11.204469
G-EMN,121.54122,218.7742
G-ENA,266.41357,479.54446
G-ENE,135.66197,244.19156
G-ENF,3.267152,5.8808737
G-ENH,10.317704,18.571867
G-ENU,413.2681,743.88257
G-ENY,14.07396,25.333128
G-EPL,14672.46,26410.428
G-EPR,27.597284,49.675114
G-EQS,36.02429,64.84372
G-ERC,3581.0415,6445.8745
G-ERF,6878.301,12380.941
G-ERG,5.3105307,9.558955
G-ERH,1018.2344,1832.8219
G-ERI,2176.9272,3918.469
G-ERL,0.8044386,1.4479895
G-ERM,329.0138,592.2248
G-ERN,116.75713,210.16284
G-ERZ,4811.061,8659.91
G-ESB,27663.914,49795.047
G-ESC,593.93396,1069.0812
G-ESL,246.6958,444.05246
G-ESM,1607.1445,2892.86
G-ESR,268.152,482.6736
G-ESU,671.46246,1208.6324
G-ETH,235.37581,423.67648
G-ETR,2205.6626,3970.1926
G-ETZ,24169.95,43505.906
G-EUG,5123.475,9222.255
G-EUN,206.70335,372.06604
G-EVE,66.30902,119.35624
G-EVG,298.8197,537.8755
G-EVN,3028.5278,5451.35
G-EVV,7316.2983,13169.337
G-EWN,1557.6753,2803.8154
G-EXT,16273.261,29291.87
G-EYK,25.421917,45.75945
G-EYP,794.2554,1429.6597
G-EYW,478.69473,861.6505
G-EZE,7151.7705,12873.187
G-EZS,4209.938,7577.888
G-EZV,7.473389,13.452101
G-FAH,353.6524,636.57434
G-FAI,605.5307,1089.9553
G-FAO,2929.8513,5273.7324
G-FAR,1697.4995,3055.499
G-FAT,5861.6587,10550.986
G-FAY,6707.478,12073.461
G-FBA,114.34138,205.81447
G-FBD,887.2878,1597.118
G-FBE,887.9123,1598.2421
G-FCA,1018.1344,1832.642
G-FCO,75284.75,135512.56
G-FDH,3780.1667,6804.3003
G-FEG,225.6705,406.2069
G-FEN,2.818209,5.072776
G-FEZ,3156.0566,5680.902
G-FJR,772.39575,1390.3124
G-FKB,10279.763,18503.574
G-FKL,1176.0575,2116.9036
G-FKQ,28.563139,51.41365
G-FKS,878.4053,1581.1295
G-FLA,522.6216,940.7189
G-FLG,966.57776,1739.84
G-FLN,1315.8776,2368.5796
G-FLO,4265.861,7678.55
G-FLR,27405.035,49329.062
G-FLS,10.45835,18.825031
G-FLW,22.598885,40.677994
G-FMA,260.1405,468.2529
G-FMM,4197.08,7554.744
G-FMN,1674.1027,3013.3848
G-FMO,8855.536,15939.966
G-FNC,1398.119,2516.6143
G-FNT,7138.906,12850.03
G-FOC,29.816048,53.668884
G-FOD,1787.9087,3218.2356
G-FOG,17101.504,30782.707
G-FON,306.34665,551.42395
G-FOR,6406.188,11531.139
G-FRA,20229.037,36412.266
G-FRO,67.77244,121.99038
G-FRS,63.514557,114.3262
G-FRU,1123.0795,2021.543
G-FSC,683.6862,1230.6351
G-FSD,2357.564,4243.615
G-FSM,3308.635,5955.543
G-FSZ,1257.6952,2263.8513
G-FTE,25.141876,45.255375
G-FTU,54.257298,97.66313
G-FUE,1221.2285,2198.2112
G-FUG,63.73878,114.729805
G-FUJ,27.108387,48.795097
G-FUK,1681.8643,3027.3557
G-FVM,5.1169605,9.210529
G-FWA,7355.4785,13239.861
G-FYU,1.0595243,1.9071436
G-GAE,234.48224,422.06805
G-GAJ,598.78973,1077.8215
G-GAL,7.0887218,12.759699
G-GAM,0.7504963,1.3508934
G-GAN,11.02499,19.844982
G-GAO,304.77823,548.6008
G-GAU,2424.0476,4363.2856
G-GAY,5993.765,10788.777
G-GBB,974.31354,1753.7644
G-GBD,891.54004,1604.7721
G-GBT,9329.588,16793.258
G-GCC,264.7695,476.5851
G-GCK,1149.8318,2069.697
G-GCN,99.288925,178.72006
G-GCW,77.02678,138.64821
G-GDE,4.628205,8.330769
G-GDL,2739.9587,4931.926
G-GDN,2167.643,3901.7573
G-GDQ,21.719105,39.094387
G-GDV,105.82863,190.49153
G-GDX,47.48827,85.47889
G-GDZ,260.73508,469.32312
G-GEG,5425.267,9765.48
G-GEL,954.36346,1717.8542
G-GEO,801.0,1441.8
G-GER,378.34326,681.0179
G-GES,1257.0891,2262.7605
G-GET,86.40323,155.5258
G-GEV,103.6058,186.49043
G-GFF,87.97167,158.34901
G-GFK,662.6678,1192.802
G-GFN,95.571815,172.02927
G-GGG,3826.914,6888.4453
G-GGW,90.94689,163.7044
G-GHA,541.7754,975.19574
G-GIG,13615.651,24508.174
G-GIL,283.09317,509.5677
G-GIS,13.451109,24.211996
G-GIZ,634.8829,1142.7892
G-GJA,102.24265,184.03677
G-GJL,1206.5527,2171.795
G-GJT,1174.0693,2113.3247
G-GKA,36.468845,65.64392
G-GKK,6.32405,11.38329
G-GLA,36665.41,65997.734
G-GLH,2613.0847,4703.5527
G-GLK,103.643425,186.55817
G-GLN,292.3747,526.2744
G-GLO,24798.37,44637.066
G-GLT,100.789024,181.42024
G-GMB,16.036375,28.865475
G-GME,5382.315,9688.167
G-GMO,245.80878,442.4558
G-GMZ,350.92645,631.6676
G-GNA,4007.008,7212.6147
G-GNS,189.0353,340.26352
G-GNU,5.266088,9.478958
G-GNV,6609.6196,11897.315
G-GNY,6380.7915,11485.425
G-GOA,21721.389,39098.5
G-GOI,787.6774,1417.8193
G-GOJ,2226.293,4007.3274
G-GOP,9521.505,17138.709
G-GOQ,0.7572837,1.3631107
G-GOT,7394.789,13310.62
G-GOU,261.30563,470.35016
G-GOV,11.865385,21.357693
G-GPA,258.3896,465.10126
G-GPI,158.5078,285.31406
G-GPS,69.0938,124.36884
G-GPT,3246.0503,5842.89
G-GPZ,327.89606,590.2129
G-GRB,7739.9907,13931.982
G-GRI,1028.3484,1851.0271
G-GRJ,379.49902,683.09827
G-GRK,3986.8137,7176.2646
G-GRO,17556.783,31602.209
G-GRQ,35038.12,63068.613
G-GRR,5717.097,10290.774
G-GRU,25607.582,46093.65
G-GRV,1058.9932,1906.1876
G-GRX,34151.586,61472.85
G-GRY,18.19465,32.750374
G-GRZ,2097.0312,3774.6565
G-GSM,2268.4133,4083.144
G-GSN,1.3423008,2.4161413
G-GSO,14514.774,26126.594
G-GSP,10756.912,19362.441
G-GST,20.156187,36.281136
G-GTE,12.735148,22.923267
G-GTF,783.78235,1410.8082
G-GTO,282.32715,508.18887
G-GTR,2149.6843,3869.4316
G-GTS,2.907387,5.233297
G-GUA,840.4855,1512.8738
G-GUC,226.78908,408.22034
G-GUR,6.9654717,12.537848
G-GUW,85.92121,154.65819
G-GVA,12983.15,23369.67
G-GVR,1343.9929,2419.1873
G-GWD,15.852789,28.53502
G-GWL,3295.114,5931.205
G-GWT,1139.8774,2051.7793
G-GXH,7.106102,12.790984
G-GYA,135.6033,244.08594
G-GYD,1242.7799,2237.004
G-GYE,13117.65,23611.771
G-GYL,8.542789,15.377021
G-GYN,3679.9072,6623.833
G-GYS,9.926961,17.868528
G-GYU,9.316842,16.770315
G-GZP,10700.052,19260.094
G-GZT,7969.6772,14345.419
G-HAA,6.1387663,11.04978
G-HAC,3.9724123,7.150342
G-HAJ,8682.108,15627.794
G-HAK,17.992348,32.386227
G-HAM,10813.752,19464.754
G-HAN,110.48165,198.86697
G-HAQ,28.813913,51.865044
G-HAS,404.24176,727.63513
G-HAU,108.75936,195.76685
G-HAV,2057.246,3703.0432
G-HBA,418.05118,752.4921
G-HBE,15142.815,27257.068
G-HBX,3807.6304,6853.735
G-HCR,0.6243625,1.1238525
G-HDD,832.9635,1499.3342
G-HDF,1330.9071,2395.6328
G-HDG,87.74125,157.93425
G-HDM,26889.092,48400.367
G-HDN,315.06616,567.1191
G-HDS,322.32724,580.189
G-HDY,120.25689,216.4624
G-HEA,1327.2715,2389.0886
G-HEK,2.9983425,5.3970165
G-HEL,1738.3959,3129.1125
G-HER,136.45798,245.62436
G-HET,9.808612,17.655502
G-HFA,2609.0603,4696.3086
G-HFE,101.24523,182.24141
G-HFS,510.03296,918.0593
G-HFT,11.221604,20.198889
G-HGA,91.44081,164.59346
G-HGD,6.890374,12.402673
G-HGH,32.26151,58.070717
G-HGN,27.738543,49.929375
G-HGR,3123.5977,5622.476
G-HGU,29.168571,52.50343
G-HHN,4998.4414,8997.194
G-HHQ,68.67708,123.618744
G-HIA,24.578924,44.24206
G-HIB,611.0077,1099.8138
G-HID,19.334581,34.802246
G-HIJ,656.68036,1182.0247
G-HJJ,18.213177,32.78372
G-HJR,2740.3396,4932.6113
G-HKB,18.169579,32.705242
G-HKD,253.42168,456.15903
G-HKG,21.604204,38.88757
G-HKK,6.604679,11.888422
G-HKN,12.86412,23.155415
G-HKT,43.638653,78.549576
G-HLD,1.8986514,3.4175723
G-HLH,7.290272,13.12249
G-HLN,480.10516,864.18933
G-HLT,235.27556,423.49603
G-HLZ,79.40513,142.92923
G-HMA,65.36617,117.6591
G-HMB,4647.4185,8365.354
G-HME,392.52878,706.5518
G-HMI,1.5269821,2.7485678
G-HMO,453.3855,816.0939
G-HMV,82.256325,148.06139
G-HNA,601.934,1083.4812
G-HND,13778.643,24801.557
G-HNL,6476.7646,11658.177
G-HNS,32.86417,59.15551
G-HOB,710.2816,1278.5068
G-HOF,343.5822,618.448
G-HOG,673.7784,1212.8011
G-HOM,103.505424,186.30977
G-HON,438.83313,789.8996
G-HOR,260.71802,469.29242
G-HOT,1618.8602,2913.9485
G-HPH,63.800457,114.84082
G-HRB,35.560608,64.009094
G-HRE,1498.7802,2697.8044
G-HRG,149.91002,269.838
G-HRK,2367.4,4261.32
G-HRL,3890.7317,7003.3174
G-HSL,1.8983142,3.4169657
G-HSN,3.7369406,6.726493
G-HSV,6439.7935,11591.628
G-HTA,346.8956,624.41205
G-HTI,83.729935,150.71388
G-HTM,0.17576659,0.31637985
G-HTN,3.8023763,6.8442774
G-HTS,3335.6099,6004.0977
G-HTY,6171.429,11108.572
G-HUE,3.496399,6.293518
G-HUI,9.627287,17.329117
G-HUS,1.7721804,3.1899247
G-HUU,5909.3174,10636.7705
G-HUW,52.8928,95.20704
G-HUX,288.70285,519.6651
G-HVB,180.2786,324.50146
G-HVD,0.21665429,0.38997772
G-HVG,4.65643,8.381574
G-HVN,9458.091,17024.562
G-HVR,224.96967,404.94537
G-HYD,7901.496,14222.693
G-HYN,12.903456,23.22622
G-HYS,846.99133,1524.5845
G-HZH,6.7636065,12.174492
G-IAA,15.0353985,27.063717
G-IAH,40856.727,73542.11
G-IAM,17.380392,31.284706
G-IAO,76.02748,136.84947
G-IAR,1158.5486,2085.3875
G-IAS,1832.8269,3299.0884
G-IBA,306.81567,552.26825
G-IBE,914.3742,1645.8737
G-IBZ,1971.7781,3549.2004
G-ICI,0.11167787,0.20102017
G-ICN,437.33224,787.19806
G-ICT,10893.178,19607.72
G-IDA,1364.0775,2455.3396
G-IDR,4627.244,8329.039
G-IFJ,29.672714,53.410885
G-IFN,28367.158,51060.883
G-IFO,1497.1711,2694.9082
G-IFP,980.38104,1764.6859
G-IGD,2389.76,4301.568
G-IGG,1.3244053,2.3839295
G-IGM,375.58215,676.04785
G-IGR,264.42114,475.95807
G-IGU,172.63815,310.7487
G-IIL,8074.6997,14534.46
G-IJK,1180.3564,2124.6416
G-IKI,103.253204,185.85577
G-IKO,11.333125,20.399626
G-IKS,1.9469725,3.5045505
G-IKT,812.9583,1463.325
G-ILD,8854.247,15937.6455
G-ILI,7.000428,12.600771
G-ILL,2236.103,4024.9856
G-ILM,2221.7998,3999.2395
G-ILO,752.75665,1354.9619
G-ILR,303.0516,545.49286
G-ILY,522.6725,940.8105
G-IMF,653.6709,1176.6077
G-IMK,30.625248,55.125446
G-IMP,1284.2402,2311.6326
G-IMT,469.95816,845.9247
G-INC,5.593785,10.068812
G-IND,16987.652,30577.775
G-INF,27.606853,49.692337
G-INI,12783.995,23011.191
G-INL,84.895615,152.8121
G-INN,1706.9559,3072.5208
G-INV,4024.074,7243.333
G-INZ,67.0587,120.70566
G-IOA,94.903145,170.82567
G-IOS,1266.4615,2279.6309
G-IPC,10.09966,18.179388
G-IPH,321.53195,578.7575
G-IPI,396.51593,713.7287
G-IPL,897.5461,1615.5829
G-IPN,1757.1042,3162.7876
G-IPT,2590.5889,4663.06
G-IQQ,675.20636,1215.3715
G-IQT,3711.6355,6680.9443
G-IRD,2979.8403,5363.713
G-IRG,1.6187587,2.9137657
G-IRI,83.34866,150.02759
G-IRJ,161.52257,290.74063
G-IRK,888.90436,1600.0278
G-IRM,15.237958,27.428324
G-IRZ,14.172825,25.511086
G-ISA,45.09095,81.163704
G-ISB,1235.8231,2224.4817
G-ISC,1879.22,3382.596
G-ISE,5935.2207,10683.397
G-ISG,21.077696,37.939854
G-ISN,203.98529,367.17352
G-ISP,7547.8945,13586.21
G-IST,60160.816,108289.47
G-ISU,286.15195,515.0735
G-ITA,280.38327,504.68988
G-ITB,161.53319,290.75974
G-ITH,1190.8585,2143.5452
G-ITO,597.531,1075.5558
G-IVC,21.92037,39.45667
G-IVL,12.055813,21.700464
G-IWA,1158.1368,2084.6462
G-IWD,480.40393,864.7271
G-IWJ,116.616196,209.90916
G-IWK,601.4558,1082.6205
G-IXA,1185.6542,2134.1775
G-IXB,6565.4424,11817.797
G-IXC,3120.913,5617.6436
G-IXD,5004.6157,9008.309
G-IXE,2429.6694,4373.405
G-IXG,3784.3723,6811.87
G-IXJ,1004.335,1807.803
G-IXL,38.2534,68.85612
G-IXM,2362.9182,4253.253
G-IXR,7983.602,14370.483
G-IXS,981.0585,1765.9053
G-IXU,5261.952,9471.514
G-IXZ,71.942444,129.4964
G-IYK,610.91986,1099.6558
G-IZO,360.0673,648.1211
G-JAC,246.10793,442.99426
G-JAI,6503.784,11706.812
G-JAL,1686.9579,3036.5242
G-JAN,5146.514,9263.726
G-JAU,6914.6475,12446.365
G-JAX,9205.685,16570.232
G-JBR,3234.1611,5821.49
G-JCB,349.10925,628.39667
G-JCK,4.377038,7.878669
G-JCU,5258.293,9464.927
G-JDF,2083.6086,3750.4956
G-JDH,3099.095,5578.3706
G-JDO,3294.6045,5930.288
G-JDR,918.2099,1652.7778
G-JDZ,13.585352,24.453634
G-JED,829.9825,1493.9685
G-JFK,76472.82,137651.08
G-JGA,396.9288,714.47186
G-JGD,2.4992409,4.498634
G-JGN,3.631802,6.537244
G-JGS,17.457462,31.423431
G-JHB,742.7117,1336.881
G-JHG,4.521392,8.138505
G-JHW,1074.9973,1934.9951
G-JIB,280.0,504.0
G-JIC,6.731667,12.117001
G-JIJ,11.107685,19.993834
G-JIM,78.88006,141.98412
G-JIQ,10.797135,19.434843
G-JIU,24.789541,44.621174
G-JJM,82.41604,148.34888
G-JJN,25.782549,46.40859
G-JKG,2472.0122,4449.622
G-JKH,23.061687,41.511036
G-JKR,251.89941,453.41895
G-JLN,2286.8083,4116.255
G-JLR,3152.2556,5674.06
G-JMK,35.111176,63.20012
G-JMO,20.063578,36.11444
G-JMS,294.5874,530.2573
G-JMU,12.609489,22.69708
G-JNB,7849.358,14128.844
G-JNG,75.09085,135.16353
G-JNU,225.35703,405.64264
G-JNZ,13.842777,24.916998
G-JOE,126.7504,228.15071
G-JOG,4364.064,7855.3154
G-JOI,1229.6365,2213.3457
G-JOK,461.8476,831.3257
G-JOL,354.94324,638.8978
G-JOS,249.66882,449.40387
G-JPA,2033.5018,3660.3032
G-JPR,592.8741,1067.1733
G-JRH,1475.8362,2656.5051
G-JRO,48.19074,86.743324
G-JSH,28.001171,50.402107
G-JSI,48.961678,88.13102
G-JSR,2298.2197,4136.7954
G-JTC,1567.9066,2822.232
G-JTR,6.54814,11.786652
G-JTY,0.6559064,1.1806315
G-JUH,31.700356,57.060642
G-JUJ,500.209,900.3762
G-JUL,6727.8877,12110.198
G-JUM,25.309336,45.556805
G-JUZ,8.491918,15.285452
G-JXA,8.293576,14.928437
G-JYV,273.70004,492.6601
G-JZH,1.3521069,2.4337924
G-KAA,122.27708,220.09872
G-KAD,278.0887,500.55966
G-KAE,8.950017,16.110031
G-KAJ,90.56852,163.02333
G-KAL,3.4245338,6.1641607
G-KAN,534.0022,961.2039
G-KAO,29.011244,52.220238
G-KAT,7.0076995,12.613859
G-KAX,26.89975,48.419548
G-KAZ,46.071545,82.92878
G-KBL,8746.033,15742.859
G-KBP,4371.213,7868.1836
G-KBR,279.96625,503.93924
G-KBU,158.04645,284.4836
G-KBV,37.66672,67.8001
G-KCA,2.577176,4.638917
G-KCF,295.25964,531.46735
G-KCH,219.86995,395.76593
G-KCK,24.476416,44.05755
G-KCM,11161.799,20091.238
G-KCO,15322.122,27579.82
G-KCQ,2.1305802,3.8350446
G-KCZ,386.1243,695.02374
G-KDH,883.6354,1590.5437
G-KDI,219.39412,394.90942
G-KDL,71.121506,128.0187
G-KDM,4.288522,7.7193394
G-KDO,14.322988,25.781378
G-KDU,153.02704,275.44867
G-KDV,0.8540839,1.537351
G-KDZ,147.9074,266.2333
G-KEF,1272.8018,2291.0432
G-KEJ,709.5355,1277.164
G-KEM,55.742588,100.33666
G-KEP,80.69948,145.25906
G-KER,8692.327,15646.189
G-KFP,4.3453107,7.8215594
G-KFS,6044.05,10879.289
G-KGC,15.388519,27.699335
G-KGD,525.6846,946.23224
G-KGF,317.1484,570.8671
G-KGI,40.197544,72.35558
G-KGL,1606.4026,2891.5247
G-KGP,73.75241,132.75433
G-KGS,25.529055,45.952297
G-KGT,3.0519495,5.4935093
G-KHD,16237.9795,29228.363
G-KHE,618.05505,1112.499
G-KHG,9.477423,17.05936
G-KHI,1351.5809,2432.8457
G-KHN,33.430668,60.1752
G-KHS,133.89058,241.00305
G-KHV,396.81525,714.26746
G-KHY,10236.074,18424.934
G-KID,1471.6484,2648.9673
G-KIH,445.73395,802.3211
G-KIJ,942.2787,1696.1017
G-KIM,389.4762,701.0571
G-KIN,646.01044,1162.8187
G-KIR,1712.4265,3082.368
G-KIS,483.67773,870.61993
G-KIT,13.101504,23.582708
G-KIV,10420.0,18756.0
G-KIX,8384.427,15091.968
G-KJA,1154.1602,2077.4883
G-KJI,0.5880597,1.0585076
G-KKA,7.2148557,12.98674
G-KKC,232.70143,418.86258
G-KKD,5.053991,9.097183
G-KKE,13.319635,23.975344
G-KKJ,940.69135,1693.2444
G-KKN,17.65936,31.78685
G-KLM,5913.4688,10644.244
G-KLO,576.50964,1037.7174
G-KLR,771.205,1388.1691
G-KLU,1156.2886,2081.3193
G-KLV,907.15247,1632.8744
G-KLX,153.1311,275.636
G-KMA,3.3522375,6.0340276
G-KME,393.59744,708.4754
G-KMG,36.3577,65.44386
G-KMI,386.16534,695.09766
G-KMJ,741.6246,1334.9243
G-KMQ,632.91516,1139.2473
G-KMS,2110.2407,3798.433
G-KMU,794.0909,1429.3635
G-KNG,9.440323,16.99258
G-KNS,4.4756517,8.056173
G-KNU,4928.984,8872.171
G-KNX,8.573205,15.431769
G-KOA,490.6805,883.2249
G-KOE,202.29843,364.13718
G-KOJ,752.8921,1355.2058
G-KOK,154.43457,277.9822
G-KOP,40.38457,72.69223
G-KOS,60.377983,108.68037
G-KOT,7.259002,13.066204
G-KOV,187.16032,336.88858
G-KOW,21.794947,39.230904
G-KQA,1.248725,2.247705
G-KRC,385.56955,694.0252
G-KRF,414.38675,745.8962
G-KRK,2940.3892,5292.7
G-KRL,2.9160979,5.248976
G-KRN,176.68529,318.0335
G-KRO,868.47363,1563.2526
G-KRP,1728.2218,3110.7993
G-KRR,1509.2548,2716.6587
G-KRS,314.4648,566.0366
G-KRT,432.48074,778.46533
G-KRY,15.818696,28.473654
G-KSC,145.53525,261.96344
G-KSD,1380.8712,2485.5684
G-KSE,302.41016,544.33826
G-KSF,5555.3335,9999.601
G-KSH,14710.759,26479.365
G-KSL,107.48947,193.48105
G-KSM,26.286291,47.315327
G-KSN,240.44847,432.80725
G-KSO,79.51571,143.12827
G-KSQ,167.71841,301.89316
G-KSY,3124.428,5623.97
G-KSZ,65.2469,117.44442
G-KTA,33.72303,60.701454
G-KTE,61.489765,110.68157
G-KTG,102.00308,183.60555
G-KTL,141.9976,255.5957
G-KTM,278.14334,500.658
G-KTN,167.38591,301.29465
G-KTS,6.7481604,12.146688
G-KTT,11.682678,21.02882
G-KTW,3501.3467,6302.4243
G-KUA,221.13918,398.05054
G-KUD,69.354546,124.83817
G-KUF,981.0649,1765.9169
G-KUH,98.23326,176.81987
G-KUL,2046.0879,3682.9583
G-KUN,843.78326,1518.8098
G-KUO,189.87572,341.7763
G-KUT,487.9617,878.33105
G-KUU,694.3558,1249.8403
G-KUV,33.109207,59.596577
G-KVA,218.21829,392.79294
G-KVD,777.0005,1398.601
G-KVG,2.0599196,3.7078555
G-KVK,97.42458,175.36426
G-KVL,2.415463,4.3478336
G-KVX,714.6375,1286.3475
G-KWE,16.605522,29.88994
G-KWG,1527.4457,2749.402
G-KWI,1200.0,2160.0
G-KWJ,34.353813,61.836864
G-KWL,15.107519,27.193535
G-KWM,11.201739,20.16313
G-KWN,5.411142,9.740055
G-KXK,192.78293,347.00928
G-KYA,13553.057,24395.502
G-KZI,201.47012,362.6462
G-KZN,1327.1855,2388.934
G-KZO,91.776306,165.19736
G-KZR,6911.8516,12441.333
G-KZS,11.738872,21.12997
G-LAD,268.5513,483.39236
G-LAE,15.722985,28.301373
G-LAI,6454.8833,11618.79
G-LAK,4.129223,7.4326015
G-LAN,4021.7683,7239.1826
G-LAO,825.1832,1485.3297
G-LAP,148.23888,266.83
G-LAR,277.93927,500.29068
G-LAS,12524.854,22544.736
G-LAU,23.94569,43.10224
G-LAW,2639.845,4751.721
G-LAX,112816.04,203068.88
G-LBA,50902.055,91623.695
G-LBB,3170.2302,5706.4146
G-LBC,4806.0737,8650.933
G-LBE,6698.759,12057.767
G-LBF,465.62527,838.1255
G-LBJ,151.02547,271.84583
G-LBL,1642.2589,2956.066
G-LBP,9.413496,16.944292
G-LBR,26.851,48.3318
G-LBS,13.668729,24.603712
G-LBU,30.004108,54.007397
G-LCA,1195.8341,2152.5012
G-LCH,1923.5276,3462.3496
G-LCJ,2099.0208,3778.2375
G-LCR,8.146277,14.6633
G-LCX,15.721137,28.298048
G-LDB,1858.4124,3345.1423
G-LDG,18.93534,34.08361
G-LDH,0.7294667,1.31304
G-LDS,8.411375,15.140475
G-LDU,58.691082,105.64394
G-LDY,6171.7334,11109.12
G-LEA,23.458706,42.22567
G-LEB,8474.703,15254.465
G-LEC,1657.3705,2983.2668
G-LED,1859.8632,3347.7537
G-LEI,12341.134,22214.041
G-LEJ,7455.699,13420.259
G-LEN,8754.258,15757.664
G-LET,113.660225,204.58841
G-LEX,10411.847,18741.324
G-LFT,3671.3342,6608.4014
G-LFW,446.0,802.8
G-LGG,44916.875,80850.375
G-LGK,27.367954,49.262318
G-LGP,807.6015,1453.6827
G-LGQ,669.9464,1205.9036
G-LHE,1323.2545,2381.8582
G-LHR,306035.97,550864.75
G-LHW,22.492647,40.486763
G-LIG,8128.795,14631.831
G-LIH,432.18198,777.92755
G-LIL,52713.758,94884.766
G-LIM,39757.24,71563.03
G-LIR,183.73524,330.72345
G-LIS,26284.06,47311.31
G-LIT,6324.358,11383.844
G-LJG,4.8932743,8.807894
G-LJU,2661.0,4789.8
G-LKB,0.36985695,0.6657425
G-LKG,13.229788,23.813618
G-LKL,10.00798,18.014364
G-LKN,64.204735,115.56852
G-LKO,8549.442,15388.996
G-LKY,51.111427,92.00057
G-LLA,981.04065,1765.8732
G-LLB,7.4575753,13.4236355
G-LLF,65.197365,117.35526
G-LLI,51.82497,93.28494
G-LLK,492.9341,887.2814
G-LMA,7.6500173,13.770031
G-LMC,80.36934,144.66481
G-LMM,455.05588,819.1006
G-LMN,67.22711,121.0088
G-LMP,88.7515,159.7527
G-LMT,711.9437,1281.4987
G-LNJ,9.316665,16.769997
G-LNK,2733.2573,4919.863
G-LNV,1.1791171,2.1224108
G-LNZ,2876.653,5177.9756
G-LOE,92.37616,166.27708
G-LOH,1246.1489,2243.0679
G-LOK,27.71439,49.885902
G-LOO,1928.9392,3472.0906
G-LOP,790.4886,1422.8794
G-LOS,433.20508,779.76917
G-LPA,14821.641,26678.953
G-LPB,830.9533,1495.716
G-LPD,5.4314895,9.776681
G-LPK,1270.2036,2286.3665
G-LPP,282.22995,508.01392
G-LPT,56.354763,101.438576
G-LPU,7.3379846,13.208372
G-LPY,5752.036,10353.665
G-LQM,46.75327,84.15588
G-LRD,1643.7196,2958.6953
G-LRE,9.856323,17.741383
G-LRH,15375.207,27675.371
G-LRM,1403.9698,2527.1458
G-LRR,5734.8013,10322.642
G-LRT,9443.434,16998.18
G-LSA,0.38168365,0.6870306
G-LSC,1291.9132,2325.4438
G-LSE,2564.103,4615.3857
G-LSI,711.6245,1280.9241
G-LSP,61.11263,110.00273
G-LST,201.77615,363.19705
G-LSW,370.5346,666.9623
G-LTI,0.09676469,0.17417644
G-LTO,38.24033,68.832596
G-LTQ,12538.104,22568.586
G-LTX,5332.292,9598.125
G-LUA,92.19251,165.94652
G-LUD,5.862775,10.552995
G-LUG,2783.7231,5010.7017
G-LUH,4337.519,7807.534
G-LUM,4.34299,7.817382
G-LUN,309.32794,556.7903
G-LUO,43.44038,78.19268
G-LUQ,143.7491,258.74838
G-LUR,0.6306692,1.1352046
G-LUV,24.182556,43.5286
G-LUW,138.10559,248.59006
G-LUX,3642.0,6555.6
G-LUZ,1692.8032,3047.046
G-LVI,65.30269,117.544846
G-LWB,540.6124,973.1024
G-LWN,972.47217,1750.45
G-LWO,2549.4172,4588.9507
G-LWS,1260.4203,2268.7566
G-LWT,126.038864,226.86995
G-LXA,4.1397195,7.451495
G-LXR,3745.8604,6742.5483
G-LXS,7.9454436,14.301799
G-LYA,56.745728,102.14231
G-LYC,159.55614,287.20105
G-LYG,18.802265,33.844078
G-LYH,3907.871,7034.168
G-LYI,37.493404,67.48813
G-LYP,2479.545,4463.1807
G-LYS,60467.65,108841.766
G-LYX,11461.821,20631.28
G-LZC,147.88512,266.1932
G-LZH,24.476025,44.056843
G-LZO,12.916913,23.250443
G-LZY,0.73972255,1.3315005
G-MAA,2508.914,4516.045
G-MAB,480.2964,864.5335
G-MAD,126127.445,227029.4
G-MAF,3033.3867,5460.096
G-MAG,5.973926,10.753067
G-MAH,1506.1613,2711.0903
G-MAM,308.3465,555.0237
G-MAN,97412.27,175342.1
G-MAO,2712.6987,4882.858
G-MAQ,72.59774,130.67592
G-MAR,485.5488,873.9878
G-MAS,2.0751567,3.7352822
G-MBA,137.16093,246.88968
G-MBE,36.761173,66.17011
G-MBI,59.593636,107.26854
G-MBJ,265.9896,478.78128
G-MBL,643.73517,1158.7233
G-MBS,4358.7935,7845.828
G-MBT,353.13193,635.63745
G-MCE,1921.5887,3458.8599
G-MCG,2.4280765,4.3705373
G-MCI,11600.129,20880.232
G-MCK,516.0287,928.8516
G-MCM,116.0,208.8
G-MCN,4647.448,8365.407
G-MCO,21876.184,39377.13
G-MCP,1065.3906,1917.703
G-MCT,1625.0118,2925.0212
G-MCV,5.360082,9.648149
G-MCW,1548.5354,2787.3638
G-MCX,1141.3956,2054.5122
G-MCY,636.3532,1145.4358
G-MCZ,3592.207,6465.9727
G-MDC,368.3065,662.9517
G-MDE,3468.2822,6242.908
G-MDG,9.239301,16.630741
G-MDQ,443.19827,797.7569
G-MDT,12488.98,22480.164
G-MDU,7.0675187,12.721534
G-MDZ,694.6572,1250.383
G-MEA,536.37006,965.46606
G-MEC,3346.765,6024.177
G-MED,801.31805,1442.3724
G-MEG,175.77248,316.39047
G-MEI,2247.5247,4045.5444
G-MEL,9905.956,17830.72
G-MEM,7276.501,13097.702
G-MEQ,153.80238,276.84427
G-MES,2022.7186,3640.8936
G-MEX,8961.48,16130.665
G-MFE,3971.551,7148.7915
G-MFR,2037.8031,3668.0454
G-MFU,90.0899,162.16182
G-MGA,2000.0,3600.0
G-MGB,89.60595,161.29071
G-MGF,1518.4486,2733.2075
G-MGM,3813.7898,6864.822
G-MGQ,600.5373,1080.9672
G-MGT,3.7960174,6.8328314
G-MGW,3707.1147,6672.8066
G-MHC,371.7555,669.15985
G-MHD,33376.406,60077.53
G-MHK,1369.2827,2464.709
G-MHU,363.8401,654.9122
G-MIA,35084.4,63151.918
G-MID,786.54724,1415.785
G-MIG,11.924512,21.46412
G-MII,1251.826,2253.2869
G-MIM,52.44815,94.40667
G-MIS,1.7113569,3.0804424
G-MIU,158.4157,285.14825
G-MJD,364.18454,655.53217
G-MJF,35.583652,64.05057
G-MJN,50.67001,91.20602
G-MJT,40.278637,72.50155
G-MJU,113.52365,204.34258
G-MJV,23601.004,42481.805
G-MJZ,16.988367,30.579062
G-MKE,14389.431,25900.977
G-MKG,2891.9814,5205.5664
G-MKL,2611.5588,4700.806
G-MKM,18.27059,32.887062
G-MKQ,43.998657,79.19758
G-MKW,47.140125,84.85223
G-MKY,193.35823,348.04483
G-MKZ,426.30408,767.34735
G-MLA,574.0,1033.2
G-MLB,4992.8906,8987.203
G-MLE,77.69361,139.8485
G-MLG,3053.9595,5497.127
G-MLI,3037.6143,5467.7056
G-MLM,1071.3275,1928.3895
G-MLN,1504.1252,2707.4253
G-MLO,3.8086267,6.855528
G-MLS,169.76172,305.5711
G-MLU,2377.581,4279.646
G-MLX,6801.3413,12242.414
G-MLY,1.3370187,2.4066336
G-MMB,99.10157,178.38283
G-MME,18015.064,32427.115
G-MMH,410.20517,738.3693
G-MMJ,1514.3146,2725.7664
G-MMK,175.10825,315.19485
G-MMX,4831.2124,8696.183
G-MMY,22.266382,40.079487
G-MMZ,1124.0334,2023.2603
G-MNA,17.090126,30.762226
G-MNG,11.18995,20.14191
G-MNL,11699.977,21059.959
G-MNR,67.3938,121.30884
G-MNS,79.03779,142.26802
G-MNT,4.071617,7.328911
G-MOA,160.9448,289.70062
G-MOB,4246.188,7643.1387
G-MOC,1638.7804,2949.8047
G-MOF,132.11855,237.81339
G-MOL,145.92375,262.66275
G-MON,1.6983987,3.0571177
G-MOQ,10.614696,19.106453
G-MOT,533.0933,959.56793
G-MOV,42.556313,76.601364
G-MPA,12.726809,22.908255
G-MPH,210.88103,379.58585
G-MPL,41430.938,74575.69
G-MQF,807.7184,1453.8931
G-MQJ,2.2214942,3.9986897
G-MQL,318.5585,573.4053
G-MQM,4376.883,7878.3887
G-MQN,40.4495,72.8091
G-MQP,773.55505,1392.399
G-MQT,514.46295,926.0333
G-MQX,23.475029,42.25505
G-MRD,111.80374,201.24673
G-MRE,131.29022,236.3224
G-MRO,11.490993,20.683786
G-MRQ,1170.8987,2107.6174
G-MRS,30131.816,54237.27
G-MRU,932.8573,1679.1432
G-MRV,1261.6222,2270.92
G-MRX,9500.641,17101.154
G-MRY,4716.2026,8489.165
G-MRZ,69.50131,125.10236
G-MSA,1.9320579,3.477704
G-MSE,5327.6475,9589.766
G-MSJ,284.0281,511.2506
G-MSL,2658.2112,4784.7803
G-MSN,6025.0054,10845.01
G-MSO,1169.3392,2104.8105
G-MSP,22750.87,40951.562
G-MSQ,15561.137,28010.047
G-MSR,5730.925,10315.665
G-MSS,337.03275,606.65894
G-MST,7735.8867,13924.596
G-MSW,77.230896,139.01561
G-MSY,10334.948,18602.908
G-MSZ,8.530867,15.355559
G-MTJ,455.16238,819.2923
G-MTR,1108.7844,1995.812
G-MTS,120.0,216.0
G-MTT,815.8087,1468.4557
G-MTY,1903.345,3426.021
G-MUC,13936.046,25084.883
G-MUH,164.15628,295.4813
G-MUN,202.26883,364.0839
G-MUW,1948.2161,3506.789
G-MUX,1018.42334,1833.162
G-MVD,3647.046,6564.6826
G-MVP,65.54384,117.97891
G-MVR,945.7704,1702.3866
G-MWA,1915.9121,3448.6418
G-MWX,1.4276788,2.5698218
G-MWZ,141.24184,254.23532
G-MXH,7.8704343,14.166781
G-MXL,459.90274,827.82495
G-MXP,141777.62,255199.73
G-MXV,0.17427506,0.3136951
G-MXX,483.00537,869.40967
G-MXZ,28.565567,51.418022
G-MYA,180.17659,324.31787
G-MYD,28.276525,50.897743
G-MYE,1.2092181,2.1765928
G-MYJ,514.3686,925.8634
G-MYQ,2659.7288,4787.5117
G-MYR,2927.2913,5269.1245
G-MYU,4.97598,8.956764
G-MYW,34.344837,61.820705
G-MYY,78.1508,140.67145
G-MZH,8237.122,14826.819
G-MZJ,1291.0277,2323.8499
G-MZO,348.08636,626.5554
G-MZR,2025.0895,3645.1611
G-MZT,303.03793,545.46826
G-MZV,6.4858704,11.674567
G-MZW,417.08096,750.7457
G-NAA,57.554417,103.59795
G-NAC,70.04302,126.077446
G-NAG,5331.2856,9596.314
G-NAH,35.992462,64.78643
G-NAJ,244.97191,440.94946
G-NAL,826.49316,1487.6876
G-NAN,29.233028,52.619453
G-NAO,16.502382,29.704287
G-NAP,91666.555,164999.8
G-NAT,2458.5208,4425.3374
G-NAV,9204.563,16568.215
G-NAW,124.52354,224.14236
G-NBC,992.1184,1785.8131
G-NBE,811.76624,1461.1792
G-NBO,485.1625,873.29254
G-NBS,11.987987,21.578377
G-NBX,48.63932,87.55078
G-NCE,18651.252,33572.254
G-NCJ,288.84656,519.9238
G-NCL,31185.445,56133.8
G-NCU,137.03065,246.65518
G-NDB,13.517559,24.331606
G-NDC,5063.6035,9114.486
G-NDG,12.067844,21.72212
G-NDJ,200.0,360.0
G-NDR,729.33026,1312.7944
G-NDU,76.98438,138.57188
G-NER,52.706852,94.87233
G-NGB,17.009117,30.616413
G-NGE,275.211,495.3798
G-NGK,8.0983925,14.577106
G-NGO,5062.105,9111.789
G-NGQ,0.2754381,0.49578857
G-NGS,929.12616,1672.427
G-NIB,2.6172771,4.7110987
G-NIM,6774.8857,12194.794
G-NJC,395.21808,711.3926
G-NJF,432.53696,778.5665
G-NKC,341.96854,615.5434
G-NKG,32.9263,59.26734
G-NKT,5014.5913,9026.264
G-NLA,152.91562,275.2481
G-NLD,249.91757,449.85162
G-NLT,2.209133,3.976439
G-NLV,740.4963,1332.8933
G-NMA,315.54645,567.9836
G-NNG,25.258038,45.464466
G-NNM,9.914767,17.84658
G-NNT,43.45019,78.21035
G-NNX,21.501154,38.70208
G-NNY,61.5542,110.79756
G-NOC,5207.518,9373.532
G-NOJ,43.482384,78.268295
G-NOS,23.439814,42.19166
G-NOV,242.33817,436.20868
G-NOZ,1041.1439,1874.059
G-NPE,41.539043,74.77027
G-NPL,25.020124,45.036224
G-NQN,374.006,673.2108
G-NQU,48.922295,88.060135
G-NQY,12504.095,22507.37
G-NRA,78.09967,140.5794
G-NRN,2403.2705,4325.8867
G-NRT,3640.9788,6553.7617
G-NSH,3984.8118,7172.661
G-NSI,856.4228,1541.561
G-NSK,175.39276,315.70697
G-NSN,31.99127,57.584286
G-NST,82.575134,148.63524
G-NTE,31697.402,57055.324
G-NTG,21.0172,37.83096
G-NTL,1177.3108,2119.1594
G-NTN,9.366436,16.859585
G-NTQ,58.874855,105.97474
G-NTX,18.058813,32.505863
G-NTY,996.6198,1793.9156
G-NUE,11741.174,21134.113
G-NUI,2.762331,4.972196
G-NUU,164.28047,295.70486
G-NUX,28.941393,52.094505
G-NVA,568.4708,1023.24744
G-NVI,133.64838,240.56708
G-NVT,1747.876,3146.1768
G-NWI,22039.031,39670.258
G-NYA,91.47772,164.6599
G-NYI,880.28064,1584.5051
G-NYK,162.25475,292.05856
G-NYM,16.247425,29.245365
G-NYO,4066.801,7320.2417
G-NZH,0.47319368,0.8517486
G-OAG,361.6886,651.0395
G-OAJ,1806.3278,3251.39
G-OAL,359.26083,646.6695
G-OAX,927.38574,1669.2943
G-OAZ,658.25824,1184.8649
G-OBN,816.9333,1470.4799
G-OBO,159.95258,287.91464
G-OCC,406.4015,731.5227
G-ODO,34.37053,61.86695
G-ODS,1365.7358,2458.3245
G-OER,265.25388,477.45697
G-OFI,1112.5294,2002.553
G-OGG,948.0128,1706.4231
G-OGN,0.9281937,1.6707486
G-OGS,453.43378,816.1808
G-OGX,127.53231,229.55817
G-OGZ,1138.0007,2048.4014
G-OHD,901.1606,1622.0891
G-OHE,0.7457049,1.3422688
G-OHH,17.703323,31.865982
G-OIM,590.88806,1063.5985
G-OIT,403.2257,725.8063
G-OKA,558.6464,1005.56354
G-OKC,12570.827,22627.488
G-OKI,9.46116,17.030087
G-OKJ,863.0456,1553.482
G-OKL,40.74695,73.344505
G-OLA,54.002472,97.20445
G-OLB,4490.928,8083.6704
G-OLC,135.49355,243.88838
G-OLF,106.29808,191.33655
G-OLP,7.406624,13.331923
G-OLZ,5.1746025,9.314284
G-OMA,5428.771,9771.788
G-OMD,2.891655,5.204979
G-OME,29.70452,53.468136
G-OMH,11890.831,21403.496
G-OMR,1294.0022,2329.2039
G-OMS,1216.0009,2188.8018
G-OND,152.40797,274.33435
G-ONG,3.2197678,5.795582
G-ONJ,117.21033,210.97859
G-ONL,534.6023,962.2842
G-OOL,1004.83026,1808.6945
G-OOM,72.70629,130.87132
G-OPO,25172.318,45310.17
G-OPS,445.6859,802.2346
G-OPU,3.4728866,6.251196
G-ORB,2224.7622,4004.5718
G-ORD,55366.25,99659.25
G-ORF,21068.863,37923.953
G-ORH,6468.4253,11643.166
G-ORK,4250.105,7650.189
G-ORN,2842.7292,5116.9126
G-ORU,182.00629,327.6113
G-OSD,654.807,1178.6526
G-OSI,513.69904,924.6582
G-OSK,708.7748,1275.7946
G-OSL,1640.456,2952.8208
G-OSM,347.246,625.0428
G-OSR,1414.0156,2545.2283
G-OSS,1876.9205,3378.457
G-OST,29277.912,52700.242
G-OSW,510.7651,919.3772
G-OSY,70.308174,126.55472
G-OTD,958.6073,1725.493
G-OTH,986.8491,1776.3284
G-OTP,10537.493,18967.486
G-OTZ,1.6649667,2.99694
G-OUA,3299.3213,5938.7783
G-OUD,695.21704,1251.3907
G-OUL,316.12637,569.02747
G-OUZ,22.972677,41.35082
G-OVB,1435.7963,2584.4333
G-OVD,16867.107,30360.795
G-OVS,77.01802,138.63243
G-OXF,23138.238,41648.83
G-OZC,552.6292,994.73254
G-OZH,1225.5248,2205.9446
G-OZZ,1067.4625,1921.4325
G-PAD,5922.0117,10659.621
G-PAF,182.19817,327.9567
G-PAG,704.0736,1267.3324
G-PAH,3910.696,7039.253
G-PAP,74.840965,134.71375
G-PAT,15354.91,27638.838
G-PAV,1673.139,3011.6504
G-PAZ,1196.1284,2153.0312
G-PBC,2902.626,5224.7266
G-PBD,636.8766,1146.3778
G-PBH,40.0,72.0
G-PBI,9462.956,17033.32
G-PBM,20.0,36.0
G-PBO,7.8635025,14.1543045
G-PCL,2973.0688,5351.524
G-PCR,24.945704,44.902267
G-PDA,34.249176,61.648518
G-PDG,758.68665,1365.636
G-PDL,862.51715,1552.5309
G-PDP,620.38574,1116.6943
G-PDS,251.92221,453.46
G-PDT,761.4429,1370.5972
G-PDV,814.47107,1466.048
G-PDX,16724.713,30104.482
G-PED,1527.3359,2749.2046
G-PEE,740.26465,1332.4763
G-PEG,18523.502,33342.305
G-PEI,2702.4863,4864.475
G-PEK,62.19655,111.95379
G-PEM,764.5829,1376.2491
G-PEN,615.68396,1108.2312
G-PER,3448.14,6206.652
G-PES,171.2836,308.3105
G-PET,1161.2107,2090.1794
G-PEU,49.37347,88.872246
G-PEW,990.48456,1782.8722
G-PEX,60.10095,108.18171
G-PEZ,937.7358,1687.9244
G-PFB,676.89954,1218.4192
G-PFO,617.16595,1110.8987
G-PFQ,3532.228,6358.0103
G-PGA,383.10605,689.5909
G-PGF,8074.205,14533.569
G-PGK,152.97577,275.35638
G-PGU,4106.808,7392.255
G-PGV,5337.547,9607.585
G-PHC,203.27184,365.88928
G-PHE,43.062714,77.512886
G-PHL,29005.549,52209.99
G-PHO,4.737918,8.528253
G-PHS,220.86559,397.55804
G-PHW,754.6637,1358.3947
G-PHX,25100.408,45180.734
G-PIA,2921.9802,5259.5645
G-PIB,2744.747,4940.5444
G-PIH,1069.3717,1924.8691
G-PIN,297.0773,534.73914
G-PIR,426.05698,766.9026
G-PIS,12326.95,22188.51
G-PIT,12566.136,22619.043
G-PIU,7403.0957,13325.572
G-PIZ,2.5983572,4.677043
G-PJA,96.97281,174.55106
G-PJG,58.268894,104.88401
G-PJM,221.83963,399.31134
G-PKB,2957.4795,5323.4634
G-PKC,103.6533,186.57593
G-PKE,90.327,162.58861
G-PKG,78.951706,142.11307
G-PKN,97.23745,175.0274
G-PKR,101.53583,182.7645
G-PKU,1057.4268,1903.3682
G-PKY,237.6159,427.70865
G-PLM,1358.6903,2445.6426
G-PLN,716.0954,1288.9717
G-PLO,43.788876,78.81998
G-PLQ,381.42026,686.55646
G-PLW,299.3956,538.91205
G-PLX,123.37944,222.083
G-PLZ,628.4984,1131.2971
G-PMC,722.8506,1301.1311
G-PMF,21218.932,38194.074
G-PMI,14246.993,25644.588
G-PML,5.8463035,10.523346
G-PMO,21993.23,39587.816
G-PMQ,18.795496,33.831894
G-PMR,44.08188,79.34738
G-PMV,108.40885,195.13594
G-PMW,746.93835,1344.489
G-PMY,64.60876,116.29576
G-PNA,10065.818,18118.475
G-PNH,673.2485,1211.8472
G-PNK,676.93964,1218.4913
G-PNL,104.079285,187.34271
G-PNP,3.1158166,5.60847
G-PNQ,4698.0054,8456.41
G-PNS,4303.8647,7746.956
G-PNT,101.95555,183.51999
G-PNY,2566.2803,4619.3047
G-PNZ,1445.4635,2601.8345
G-POA,5671.503,10208.705
G-POI,111.11857,200.01343
G-POJ,706.78613,1272.2151
G-POM,16.772644,30.190758
G-POR,194.96857,350.94342
G-POS,2854.0967,5137.374
G-POZ,2053.2427,3695.837
G-PPB,996.7216,1794.0989
G-PPE,198.94405,358.09927
G-PPK,135.2217,243.39905
G-PPN,762.27783,1372.1001
G-PPS,330.60303,595.08545
G-PQC,0.4657637,0.8383746
G-PQI,458.19818,824.7567
G-PQQ,153.405,276.129
G-PRC,1112.4946,2002.4904
G-PRG,2745.9832,4942.77
G-PRH,41.055504,73.89991
G-PSA,20127.316,36229.168
G-PSC,1819.9011,3275.822
G-PSG,67.886986,122.19658
G-PSJ,120.149055,216.2683
G-PSO,775.4438,1395.7987
G-PSP,4194.756,7550.5605
G-PSR,21247.47,38245.445
G-PSS,536.0253,964.84564
G-PSU,54.119926,97.41586
G-PSZ,24.653406,44.376133
G-PTG,1501.1903,2702.1426
G-PTH,0.8072566,1.4530618
G-PTJ,100.459526,180.82715
G-PTY,15680.112,28224.203
G-PUB,2057.218,3702.9922
G-PUE,583.7767,1050.798
G-PUF,13806.161,24851.09
G-PUG,41.84918,75.328514
G-PUJ,409.79514,737.6313
G-PUM,134.07802,241.34042
G-PUQ,119.48313,215.06963
G-PUS,70.41742,126.75135
G-PUU,230.0289,414.052
G-PUY,204.93971,368.89148
G-PVA,3.817153,6.8708754
G-PVD,5497.3296,9895.193
G-PVG,69.992775,125.98699
G-PVH,622.8543,1121.1377
G-PVK,69.83337,125.700066
G-PVR,225.65813,406.18463
G-PVU,4242.244,7636.0396
G-PWE,4.990033,8.9820595
G-PWM,2664.7683,4796.583
G-PWQ,207.16151,372.89072
G-PXM,201.15808,362.08456
G-PXO,23.879765,42.983578
G-PXU,7.003329,12.605992
G-PYH,32.391804,58.30525
G-PYJ,3.8133209,6.8639774
G-PZB,1871.259,3368.2664
G-PZH,163.14597,293.66275
G-PZI,5.409246,9.736643
G-PZO,237.42566,427.3662
G-PZU,50.505737,90.91033
G-QBC,17.4156,31.348082
G-QOW,266.4783,479.66092
G-QRO,1611.2603,2900.2683
G-QRW,138.31654,248.96977
G-QSF,3472.0508,6249.6914
G-RAB,10.279976,18.503956
G-RAE,90.38601,162.69482
G-RAH,93.79581,168.83246
G-RAJ,1407.9221,2534.2598
G-RAK,2616.8071,4710.253
G-RAO,2439.6423,4391.3564
G-RAP,1088.6195,1959.5151
G-RAS,22242.174,40035.91
G-RBA,2973.101,5351.582
G-RBQ,61.380394,110.4847
G-RBR,557.9548,1004.3186
G-RBY,1.9866079,3.5758944
G-RCB,545.6695,982.2051
G-RCH,333.61163,600.501
G-RCM,4.1282444,7.4308405
G-RDD,1537.9503,2768.3105
G-RDM,1447.8623,2606.152
G-RDU,11087.899,19958.219
G-RDZ,5188.1133,9338.6045
G-REC,5387.216,9696.988
G-REG,16296.613,29333.904
G-REL,51.263733,92.27472
G-REN,919.89185,1655.8053
G-REP,266.37357,479.4724
G-RES,871.8803,1569.3846
G-RET,0.4112696,0.7402853
G-REU,14098.307,25376.951
G-REX,419.2572,754.66296
G-REZ,1734.5092,3122.1165
G-RFD,5347.1562,9624.882
G-RGA,34.755917,62.56065
G-RGK,453.9451,817.1012
G-RGL,37.45358,67.41644
G-RGS,5051.047,9091.885
G-RHD,169.52109,305.13797
G-RHI,703.1515,1265.6727
G-RHO,50.85388,91.53699
G-RIA,1029.788,1853.6183
G-RIB,63.988964,115.18013
G-RIC,14432.208,25977.975
G-RIS,2.7687547,4.9837584
G-RIW,314.13934,565.4508
G-RIX,570.0,1026.0
G-RJA,2517.4924,4531.4863
G-RJH,1287.2325,2317.0186
G-RJK,244.95807,440.92453
G-RJL,7882.2183,14187.993
G-RKD,570.959,1027.7262
G-RKS,280.83652,505.50574
G-RKT,1500.7837,2701.4106
G-RKZ,2.1647418,3.8965352
G-RLG,2698.8215,4857.879
G-RLK,3.2264278,5.80757
G-RLR,51.452797,92.615036
G-RMA,43.37279,78.07103
G-RMF,131.0126,235.8227
G-RMI,21365.604,38458.086
G-RMP,0.6495893,1.1692607
G-RNB,975.29694,1755.5344
G-RNN,134.02632,241.24738
G-RNO,5586.4033,10055.526
G-RNS,17847.87,32126.166
G-ROA,6198.2866,11156.915
G-ROB,2829.0,5092.2
G-ROC,5102.695,9184.851
G-ROI,160.20183,288.36328
G-ROK,242.70908,436.87634
G-ROO,499.8377,899.7079
G-ROS,1258.952,2266.1135
G-ROV,2475.9526,4456.715
G-ROW,848.2195,1526.795
G-RPR,6013.1675,10823.702
G-RRG,29.142706,52.45687
G-RRS,49.709373,89.476875
G-RSA,219.31303,394.76346
G-RST,2245.402,4041.7239
G-RSU,27.157377,48.883278
G-RSW,8420.171,15156.307
G-RTA,0.24819234,0.44674623
G-RTB,507.41208,913.34174
G-RTW,1627.8842,2930.1917
G-RUA,83.55981,150.40765
G-RUD,2930.1719,5274.3096
G-RUH,1101.3551,1982.4391
G-RUP,2555.7122,4600.2817
G-RUT,1396.1729,2513.111
G-RVD,777.79877,1400.0377
G-RVE,105.7454,190.34172
G-RVN,72.32266,130.18079
G-RVT,18.476595,33.25787
G-RYG,1081.74,1947.132
G-RYK,546.42456,983.5643
G-RZE,2072.7278,3730.91
G-RZR,9126.006,16426.81
G-SAF,2443.7905,4398.8228
G-SAL,1478.0,2660.4
G-SAN,21992.58,39586.645
G-SAP,1745.0773,3141.1392
G-SAT,15744.192,28339.547
G-SAV,5067.283,9121.109
G-SBA,2933.2883,5279.919
G-SBN,6308.574,11355.434
G-SBP,3166.308,5699.355
G-SBW,89.24337,160.63806
G-SBY,1856.6416,3341.9548
G-SBZ,4047.338,7285.2085
G-SCC,0.58021563,1.0443882
G-SCE,1592.4371,2866.387
G-SCG,20.765194,37.37735
G-SCK,8865.963,15958.732
G-SCL,18173.215,32711.787
G-SCN,4400.847,7921.525
G-SCO,63.172398,113.71031
G-SCQ,26057.768,46903.984
G-SCU,545.7952,982.4314
G-SCV,3266.944,5880.4995
G-SCW,195.66873,352.20374
G-SCY,27.796726,50.034107
G-SDD,79.23799,142.62837
G-SDE,327.3972,589.31494
G-SDF,13729.915,24713.848
G-SDG,19301.977,34743.56
G-SDJ,911.68506,1641.0332
G-SDK,181.59264,326.86673
G-SDL,1166.2322,2099.218
G-SDP,3.2542531,5.8576555
G-SDQ,13409.151,24136.473
G-SDR,9375.453,16875.816
G-SDT,681.8168,1227.2701
G-SDY,82.98732,149.37718
G-SEA,30540.979,54973.76
G-SEK,2.1028903,3.7852023
G-SER,4050.4016,7290.7227
G-SEU,60.80715,109.45287
G-SEZ,200.0,360.0
G-SFA,377.35107,679.23193
G-SFN,649.42303,1168.9614
G-SFO,43281.117,77906.016
G-SFT,454.06076,817.3094
G-SGC,394.1733,709.51196
G-SGD,2588.1157,4658.608
G-SGF,2373.2573,4271.8633
G-SGK,10.381682,18.687027
G-SGN,86.05552,154.89993
G-SGO,24.984262,44.971672
G-SGS,230.18057,414.32504
G-SGU,836.5273,1505.749
G-SGX,34.669445,62.405003
G-SHB,45.070004,81.12601
G-SHC,8.837865,15.908156
G-SHE,43.059753,77.50756
G-SHH,5.0705805,9.127045
G-SHL,782.5021,1408.5037
G-SHM,151.00728,271.81308
G-SHP,15.108601,27.195482
G-SHR,251.64297,452.95737
G-SHV,3238.711,5829.6797
G-SHW,214.35713,385.84283
G-SHX,4.893993,8.809187
G-SIF,174.85304,314.73547
G-SIN,1285.0,2313.0
G-SIP,1139.646,2051.3628
G-SIT,57.561176,103.61012
G-SJD,64.76496,116.57693
G-SJE,128.0439,230.47902
G-SJI,338.25333,608.85596
G-SJJ,2204.8408,3968.7134
G-SJK,2878.944,5182.099
G-SJL,30.281488,54.50668
G-SJO,1672.0465,3009.6838
G-SJP,1770.4388,3186.79
G-SJT,1257.3787,2263.2815
G-SJW,81.89552,147.41194
G-SJY,167.11449,300.8061
G-SKD,507.24582,913.0425
G-SKG,694.0397,1249.2714
G-SKH,114.2225,205.60051
G-SKK,2.1253552,3.8256392
G-SKO,273.9658,493.13843
G-SKP,3542.8394,6377.111
G-SKT,1252.3733,2254.272
G-SKU,13.38315,24.08967
G-SKX,740.60046,1333.0808
G-SKZ,303.49274,546.2869
G-SLA,396.99988,714.5998
G-SLC,13266.92,23880.455
G-SLD,264.39127,475.9043
G-SLI,52.253548,94.05639
G-SLJ,10.369642,18.665356
G-SLK,275.44418,495.79953
G-SLL,202.0976,363.77567
G-SLM,12085.677,21754.219
G-SLN,2031.7294,3657.113
G-SLP,840.2698,1512.4856
G-SLW,634.00037,1141.2007
G-SLY,17.91921,32.254578
G-SLZ,3614.5977,6506.276
G-SMA,29.529486,53.153076
G-SMF,15715.786,28288.414
G-SMI,17.231197,31.016155
G-SMK,4.641725,8.355105
G-SMQ,128.98186,232.16734
G-SMR,442.6871,796.8368
G-SMS,27.010181,48.618324
G-SNN,4167.113,7500.803
G-SNO,111.99147,201.58464
G-SNP,3.35516,6.039288
G-SNU,637.0396,1146.6713
G-SNV,1.322773,2.3809912
G-SOB,1927.0404,3468.6726
G-SOF,1037.2362,1867.0251
G-SOG,57.195488,102.95188
G-SOJ,16.56811,29.822596
G-SOM,183.52206,330.3397
G-SOQ,74.87984,134.7837
G-SOU,49196.086,88552.96
G-SOW,962.90106,1733.2219
G-SPC,1512.5869,2722.6565
G-SPD,3271.1494,5888.0693
G-SPI,2070.5698,3727.0256
G-SPP,43.22301,77.80142
G-SPS,2443.6182,4398.5127
G-SPU,559.00397,1006.20715
G-SQG,260.57904,469.0423
G-SRE,209.62778,377.33002
G-SRG,3631.9976,6537.5957
G-SRI,282.72015,508.89627
G-SRP,86.4852,155.67336
G-SRQ,5651.431,10172.575
G-SRY,19644.84,35360.71
G-SSA,6810.4863,12258.876
G-SSG,52.085064,93.75311
G-SSH,100.62139,181.1185
G-SSY,117.15477,210.87859
G-STC,2919.975,5255.955
G-STD,306.09198,550.9656
G-STG,0.6243625,1.1238525
G-STI,7907.242,14233.035
G-STL,12610.312,22698.56
G-STM,493.72458,888.7043
G-STR,14306.393,25751.506
G-STS,5774.391,10393.904
G-STV,3144.2634,5659.6743
G-STW,1408.2574,2534.8635
G-STY,732.5684,1318.6232
G-SUB,2924.6528,5264.375
G-SUF,17877.715,32179.885
G-SUG,442.879,797.1822
G-SUJ,2148.6343,3867.5417
G-SUK,1.9416419,3.4949555
G-SUL,250.2568,450.46225
G-SUN,327.79565,590.03217
G-SUR,2.6620862,4.791755
G-SUT,36.650986,65.97178
G-SUV,33.72585,60.706528
G-SUX,2376.9028,4278.4253
G-SUY,9.007913,16.214243
G-SVA,2.8127847,5.063012
G-SVB,31.967382,57.541286
G-SVC,1149.9293,2069.8728
G-SVD,51.88904,93.400276
G-SVG,414.38565,745.89417
G-SVI,57.18716,102.93689
G-SVL,57.7071,103.87278
G-SVP,148.31674,266.97012
G-SVQ,38787.805,69818.05
G-SVS,1.0733285,1.9319913
G-SVX,2547.5183,4585.5327
G-SWA,74.4707,134.04727
G-SWF,4819.651,8675.372
G-SWV,2.2967877,4.134218
G-SXB,19274.146,34693.46
G-SXK,20.260248,36.46845
G-SXR,2076.3174,3737.3713
G-SYD,7796.636,14033.945
G-SYJ,6590.86,11863.548
G-SYM,7.240445,13.032801
G-SYO,145.8945,262.6101
G-SYR,4643.5786,8358.441
G-SYS,1.1873734,2.1372721
G-SYX,8.74004,15.732072
G-SYY,384.70557,692.47003
G-SYZ,25991.91,46785.438
G-SZA,12.965251,23.337452
G-SZE,17.715073,31.887133
G-SZF,8609.189,15496.54
G-SZG,2011.5985,3620.8772
G-SZI,46.587456,83.85742
G-SZL,1690.4501,3042.81
G-SZZ,1313.913,2365.0432
G-TAB,145.9033,262.62595
G-TAC,893.0806,1607.5452
G-TAE,66.525604,119.746086
G-TAG,563.7001,1014.6601
G-TAK,504.6867,908.43604
G-TAL,1.3244053,2.3839295
G-TAM,795.6951,1432.2512
G-TAO,23.938528,43.089348
G-TAP,399.29315,718.7277
G-TAS,734.2486,1321.6475
G-TAT,100.90981,181.63766
G-TAY,793.2029,1427.7653
G-TBB,5.3340874,9.601357
G-TBG,2.2251835,4.0053306
G-TBN,1502.2391,2704.0303
G-TBO,92.00573,165.6103
G-TBP,1212.7576,2182.9636
G-TBS,697.8964,1256.2135
G-TBW,1110.2434,1998.4381
G-TBZ,13705.084,24669.15
G-TCD,32.05146,57.69263
G-TCG,1.0138097,1.8248574
G-TCO,175.4035,315.72632
G-TCP,55.570328,100.026596
G-TCQ,2203.685,3966.6328
G-TCR,965.03986,1737.0718
G-TCX,2038.2114,3668.7805
G-TCZ,3.2793272,5.902789
G-TDD,102.02982,183.65369
G-TDX,66.98475,120.57254
G-TEE,1428.1487,2570.6675
G-TEN,8.92726,16.069069
G-TEQ,31806.092,57250.97
G-TER,366.83722,660.307
G-TEX,153.47035,276.24664
G-TFF,158.36526,285.05746
G-TFI,4.446019,8.002834
G-TFN,10635.777,19144.4
G-TFS,2821.8691,5079.3647
G-TGC,52.16622,93.8992
G-TGD,2800.0,5040.0
G-TGG,153.14969,275.66943
G-TGK,518.98413,934.1714
G-TGM,2404.9768,4328.958
G-TGO,10.98688,19.776384
G-TGP,12.954496,23.318094
G-TGR,317.53558,571.564
G-TGT,52.057186,93.702934
G-TGU,1626.8945,2928.4102
G-TGZ,1401.6106,2522.8992
G-THE,3149.901,5669.822
G-THN,2637.2393,4747.031
G-THO,2.9326725,5.2788105
G-THQ,28.267864,50.882156
G-THR,143127.3,257629.12
G-THS,72.15276,129.87497
G-THW,56.264877,101.27678
G-THX,5.22391,9.403037
G-TIA,1199.0,2158.2
G-TID,1844.1608,3319.4895
G-TIF,2067.5354,3721.5637
G-TII,1064.1185,1915.4133
G-TIJ,1118.443,2013.1975
G-TIM,58.80198,105.84357
G-TIN,33.728954,60.71212
G-TIR,2898.0798,5216.544
G-TIU,21.369904,38.465828
G-TIZ,13.884324,24.991783
G-TJA,142.58305,256.6495
G-TJM,834.343,1501.8174
G-TJQ,46.830296,84.29453
G-TKD,896.876,1614.3767
G-TKG,1643.1049,2957.5886
G-TKJ,29.490091,53.082165
G-TKQ,67.401085,121.32195
G-TKS,313.50662,564.3119
G-TKU,462.43637,832.3855
G-TLC,2692.5632,4846.614
G-TLE,37.473213,67.45178
G-TLH,3455.2058,6219.3706
G-TLL,1123.2379,2021.8282
G-TLM,1737.9755,3128.356
G-TLN,16627.781,29930.006
G-TLQ,2.2268944,4.0084095
G-TLS,25948.125,46706.625
G-TLV,6442.42,11596.355
G-TMC,88.23471,158.82248
G-TME,164.97217,296.9499
G-TMI,41.06793,73.92227
G-TMJ,169.35109,304.83197
G-TML,1235.6348,2224.1426
G-TMM,70.33335,126.60003
G-TMP,509.74234,917.5362
G-TMR,55.105297,99.18953
G-TMT,108.96859,196.14346
G-TMU,109.288864,196.71996
G-TMW,148.33713,267.00684
G-TMX,133.10597,239.59076
G-TNA,70.93923,127.69062
G-TNG,1093.4279,1968.1702
G-TNJ,107.990715,194.38329
G-TNR,341.65826,614.98486
G-TNW,559.7833,1007.61005
G-TNZ,0.17071675,0.30729014
G-TOD,19.492607,35.086693
G-TOE,247.59831,445.67697
G-TOF,829.67615,1493.417
G-TOG,4.7363257,8.525386
G-TOL,7507.0723,13512.73
G-TOS,94.82539,170.68571
G-TOY,648.65295,1167.5753
G-TPA,20458.951,36826.113
G-TPP,5979.98,10763.964
G-TPQ,405.14667,729.26404
G-TPS,6136.985,11046.573
G-TQL,5.401816,9.7232685
G-TQR,2245.1934,4041.3481
G-TRC,586.4964,1055.6935
G-TRD,343.11365,617.60455
G-TRE,89.840996,161.71379
G-TRG,85.81721,154.47098
G-TRI,5976.5103,10757.719
G-TRK,59.104446,106.388
G-TRN,33945.367,61101.656
G-TRO,138.70717,249.6729
G-TRS,10204.1,18367.379
G-TRU,5783.105,10409.589
G-TRV,2410.4211,4338.758
G-TRZ,3663.717,6594.6904
G-TSE,152.82625,275.08725
G-TSJ,14.464422,26.035961
G-TSN,45.10549,81.18988
G-TSR,3021.4688,5438.6436
G-TST,98.62535,177.52563
G-TSV,398.79504,717.83105
G-TTA,129.56233,233.21219
G-TTE,77.00367,138.6066
G-TTJ,321.0545,577.8981
G-TTN,42377.8,76280.04
G-TTQ,312.6104,562.6987
G-TTR,565.9742,1018.7536
G-TTU,1086.6134,1955.9042
G-TUA,1303.7632,2346.7737
G-TUC,717.71216,1291.8818
G-TUF,23195.188,41751.34
G-TUG,720.0569,1296.1024
G-TUI,53.078243,95.54084
G-TUK,51.757202,93.162964
G-TUL,9510.87,17119.566
G-TUN,1352.4398,2434.3916
G-TUO,16.593254,29.867857
G-TUP,2812.013,5061.6235
G-TUR,619.77893,1115.602
G-TUS,7316.35,13169.43
G-TUU,306.57147,551.8287
G-TVC,1580.0546,2844.0981
G-TVF,493.7174,888.69135
G-TVS,30.950174,55.710316
G-TVU,0.581576,1.0468367
G-TWB,539.714,971.4852
G-TWF,1182.352,2128.2336
G-TWU,130.75505,235.3591
G-TXK,2681.4363,4826.5854
G-TXL,15635.95,28144.709
G-TXN,13.345346,24.021624
G-TYL,995.51447,1791.926
G-TYN,29.357624,52.843723
G-TYR,4833.4014,8700.122
G-TYS,7181.3896,12926.501
G-TZL,966.9212,1740.4581
G-TZX,9794.378,17629.879
G-UAQ,372.71188,670.8814
G-UAS,35.225636,63.406147
G-UBA,724.78546,1304.6138
G-UBP,228.69081,411.64346
G-UCT,115.087265,207.15707
G-UDI,1239.4814,2231.0667
G-UDJ,604.0828,1087.3491
G-UDR,4102.9155,7385.2476
G-UEO,3.7593982,6.7669168
G-UET,292.79736,527.0352
G-UFA,1834.6205,3302.317
G-UGB,2.189439,3.9409902
G-UGC,205.429,369.77222
G-UIB,302.2698,544.08563
G-UIH,11.536111,20.765
G-UIN,1290.3246,2322.5842
G-UIO,9557.783,17204.01
G-UIP,4885.202,8793.364
G-UKK,198.88402,357.99124
G-UKS,347.60803,625.69446
G-UKX,76.38169,137.48705
G-ULD,1571.957,2829.5227
G-ULG,0.16423084,0.29561552
G-ULH,563.68243,1014.62836
G-ULK,10.651046,19.171883
G-ULN,3.0488212,5.4878783
G-ULO,0.15018661,0.27033588
G-ULP,2.0926716,3.7668087
G-ULV,513.97473,925.15454
G-ULZ,0.13693129,0.24647631
G-UME,871.4943,1568.6898
G-UMU,557.98706,1004.3767
G-UND,2081.0947,3745.9707
G-UNG,1.8982098,3.4167776
G-UNK,3.4371471,6.186865
G-UNN,22.871658,41.168987
G-UPG,1177.9308,2120.2754
G-UPN,766.2364,1379.2255
G-URA,121.33603,218.40485
G-URC,14.277489,25.69948
G-URE,82.43768,148.38783
G-URG,389.81564,701.66815
G-URJ,85.263,153.4734
G-URS,1396.601,2513.8816
G-URT,54.690166,98.4423
G-URY,53.5977,96.47586
G-USH,39.859688,71.74744
G-USK,50.91713,91.65083
G-USM,7.8537693,14.1367855
G-USN,30.38997,54.70195
G-USU,79.83307,143.69952
G-UTH,154.75839,278.5651
G-UTN,87.42927,157.3727
G-UTP,84.109505,151.39711
G-UTS,19.149227,34.46861
G-UTT,1505.1564,2709.2815
G-UUA,856.44135,1541.5944
G-UUD,496.02756,892.8496
G-UUS,102.18474,183.93253
G-UVF,100.0,180.0
G-UYL,61.12941,110.032936
G-UYN,9.820562,17.677011
G-UYU,36.14859,65.06746
G-VAA,112.93774,203.28793
G-VAG,2097.5857,3775.6543
G-VAI,2.2975504,4.1355906
G-VAK,7.9968853,14.394394
G-VAM,20.10315,36.18567
G-VAN,8937.446,16087.403
G-VAR,512.42505,922.3651
G-VAS,7855.5654,14140.018
G-VAW,2.3957086,4.3122754
G-VBV,0.21206638,0.38171947
G-VBY,382.614,688.7052
G-VCA,53.68981,96.64166
G-VCE,51865.58,93358.04
G-VCL,11.215241,20.187435
G-VCP,9121.714,16419.084
G-VCS,0.18998988,0.3419818
G-VCT,2097.8486,3776.1277
G-VDB,212.40561,382.33008
G-VDC,1935.636,3484.1448
G-VDE,166.65598,299.98074
G-VDH,6.900889,12.421599
G-VDM,46.05057,82.89103
G-VDZ,37.840153,68.112274
G-VEE,1.3748589,2.474746
G-VEL,396.41782,713.55206
G-VER,915.4698,1647.8456
G-VFA,67.24573,121.042305
G-VGA,4027.6821,7249.8276
G-VGO,17593.58,31668.445
G-VGZ,259.70093,467.46167
G-VHC,32.89997,59.21995
G-VHM,153.01062,275.41913
G-VIE,5544.4727,9980.051
G-VIF,842.821,1517.0778
G-VIG,92.70467,166.86841
G-VII,42.935455,77.28382
G-VIL,59.822758,107.68097
G-VIN,1812.9337,3263.2805
G-VIS,4061.3867,7310.496
G-VIX,3308.2964,5954.9336
G-VKG,22.76586,40.97855
G-VKT,104.80335,188.64604
G-VLC,50112.547,90202.586
G-VLD,2783.9082,5011.0347
G-VLG,135.82516,244.48529
G-VLL,11704.808,21068.654
G-VLN,787.5925,1417.6665
G-VLV,180.9746,325.75427
G-VLY,4375.8726,7876.571
G-VME,252.27036,454.08664
G-VNO,485.7965,874.4337
G-VNS,7085.12,12753.217
G-VOG,1698.0212,3056.4382
G-VOL,301.31845,542.3732
G-VOZ,1597.6515,2875.7727
G-VPE,41.73766,75.127785
G-VPN,4.8987713,8.817788
G-VPS,1763.4008,3174.1213
G-VRA,525.43713,945.7868
G-VRC,124.885216,224.7934
G-VRI,0.58036035,1.0446486
G-VRK,848.9298,1528.0736
G-VRL,8715.844,15688.52
G-VRN,34907.594,62833.668
G-VSA,1124.8324,2024.6984
G-VSG,1445.473,2601.8516
G-VST,2462.0845,4431.7524
G-VTM,2868.144,5162.659
G-VTU,355.39392,639.70905
G-VTZ,3123.3418,5622.015
G-VUP,855.8239,1540.483
G-VUS,148.40501,267.12903
G-VVC,2558.7078,4605.674
G-VVI,895.3374,1611.6073
G-VVO,563.5646,1014.41626
G-VVZ,31.542854,56.777138
G-VXO,1326.0143,2386.8257
G-WAA,1.2424183,2.236353
G-WAE,1302.8558,2345.1404
G-WAG,17.467182,31.440926
G-WAT,3931.8376,7077.3076
G-WAW,4744.26,8539.668
G-WBQ,0.9838439,1.7709191
G-WDH,107.12469,192.82445
G-WEF,26.839437,48.31099
G-WEH,6.983998,12.571196
G-WEI,7.138868,12.849962
G-WGA,176.39238,317.5063
G-WGP,50.053547,90.09639
G-WHK,11.815682,21.268229
G-WIC,469.1657,844.4982
G-WIN,6.2815647,11.306816
G-WJR,55.707825,100.274086
G-WJU,21.456066,38.62092
G-WKA,4.890307,8.802552
G-WKJ,27.936491,50.285683
G-WLG,122.82197,221.07953
G-WLK,12.827811,23.090061
G-WMN,32.923176,59.261715
G-WMR,16.709953,30.077915
G-WMX,141.15253,254.07455
G-WNH,17.810253,32.058456
G-WNN,6.293348,11.328027
G-WNP,1036.0099,1864.8179
G-WNR,1.6933068,3.0479522
G-WNS,316.3661,569.4589
G-WNZ,24.965023,44.937042
G-WRE,35.23939,63.430904
G-WRL,87.69115,157.84406
G-WRO,2720.6248,4897.1245
G-WSZ,3.1630332,5.69346
G-WTK,8.400514,15.120925
G-WTL,19.456144,35.02106
G-WUA,2.4790285,4.4622517
G-WUH,83.79073,150.82333
G-WUS,17.523859,31.542944
G-WUX,18.07608,32.53694
G-WUZ,35.790398,64.422714
G-WVB,42.001713,75.60308
G-WWK,8.990796,16.183434
G-WWT,6.836454,12.305617
G-WXN,26.22726,47.20907
G-WYA,134.41446,241.94603
G-WYS,102.42843,184.37117
G-XAP,844.43823,1519.9889
G-XBE,5.223479,9.402262
G-XBJ,5239.132,9430.4375
G-XCR,25316.537,45569.766
G-XFN,32.12463,57.824337
G-XGR,5.5049872,9.9089775
G-XIC,6.1007447,10.98134
G-XIL,1.9643663,3.5358593
G-XIY,93.707405,168.67332
G-XKS,5.4185724,9.75343
G-XMN,22.512482,40.52247
G-XMS,652.0692,1173.7246
G-XNA,3243.257,5837.863
G-XNN,14.058256,25.304861
G-XQP,194.13266,349.43878
G-XRY,19953.457,35916.223
G-XSB,2160.7024,3889.2642
G-XTG,2.8417025,5.115064
G-XUZ,50.15914,90.28645
G-YAA,40.35506,72.639114
G-YAB,9.583733,17.25072
G-YAC,4.524917,8.144851
G-YAG,171.7077,309.07388
G-YAK,15.236968,27.426542
G-YAM,566.65936,1019.9868
G-YAS,0.9949404,1.7908927
G-YAT,12.171335,21.908403
G-YAY,42.892937,77.20729
G-YBB,4.219484,7.5950713
G-YBC,401.6488,722.96783
G-YBG,1260.2192,2268.3945
G-YBK,14.705819,26.470474
G-YBP,70.31165,126.56098
G-YBR,1323.151,2381.6719
G-YBX,48.852917,87.93525
G-YCB,11.513687,20.724638
G-YCG,446.25247,803.25446
G-YCK,0.48671448,0.87608606
G-YCL,457.0986,822.77747
G-YCO,10.185468,18.333841
G-YCS,3.5810578,6.445904
G-YCU,33.000736,59.40132
G-YCY,7.279527,13.103148
G-YDA,19.033478,34.260258
G-YDF,214.05608,385.30093
G-YDP,5.159356,9.286841
G-YDQ,171.32889,308.392
G-YEG,10128.775,18231.797
G-YEI,13033.572,23460.43
G-YEK,16.562391,29.812305
G-YER,6.7905226,12.22294
G-YES,13308.308,23954.953
G-YEV,17.717978,31.892359
G-YFB,43.0314,77.45652
G-YFC,1771.9236,3189.4624
G-YFH,11.705627,21.07013
G-YFJ,0.9498783,1.7097809
G-YFO,120.577965,217.04034
G-YFS,10.825472,19.48585
G-YFX,15.685308,28.233555
G-YGH,3.4855037,6.2739067
G-YGK,2702.9993,4865.3984
G-YGL,1.5377059,2.7678707
G-YGP,218.2466,392.8439
G-YGQ,140.98358,253.77045
G-YGR,82.55174,148.59314
G-YGT,12.056717,21.702091
G-YGV,32.976105,59.356987
G-YGW,10.179613,18.323303
G-YGX,42.53508,76.56314
G-YGZ,1.6657789,2.998402
G-YHD,69.830986,125.69578
G-YHI,3.830914,6.895645
G-YHK,7.4556446,13.42016
G-YHM,14939.879,26891.783
G-YHO,2.838463,5.109234
G-YHY,38.505398,69.309715
G-YHZ,5376.6357,9677.944
G-YIC,19.4566,35.02188
G-YIE,1.0919574,1.9655234
G-YIF,16.399633,29.51934
G-YIH,31.887993,57.398388
G-YIK,2.160477,3.8888583
G-YIN,4.6014094,8.282537
G-YIO,11.829231,21.292618
G-YIW,15.452039,27.81367
G-YJT,158.97028,286.1465
G-YKA,940.6346,1693.1422
G-YKG,3.0907888,5.5634203
G-YKL,8.895629,16.012133
G-YKM,2220.8518,3997.5332
G-YKQ,22.63503,40.743057
G-YKS,89.52475,161.14456
G-YKT,3.8221,6.87978
G-YKU,25.948788,46.707817
G-YLC,4.0873957,7.357312
G-YLE,13.75361,24.756496
G-YLH,2.511046,4.5198827
G-YLL,1244.6333,2240.34
G-YLW,2040.3838,3672.6907
G-YMK,3.477498,6.2594967
G-YMM,474.41782,853.952
G-YMN,3.1707976,5.7074356
G-YMO,18.798231,33.836815
G-YMT,127.80643,230.05157
G-YNB,303.74646,546.74365
G-YNC,8.226727,14.808108
G-YNG,5156.8916,9282.404
G-YNJ,6.6896076,12.041293
G-YNO,2.0390446,3.6702805
G-YNP,0.3650231,0.65704155
G-YNS,6.881234,12.386221
G-YNT,17.983381,32.370087
G-YNY,9.161653,16.490974
G-YNZ,15.156066,27.280918
G-YOC,4.094597,7.370274
G-YOG,8.470846,15.247523
G-YOJ,135.76584,244.37852
G-YOL,142.27774,256.0999
G-YOP,60.982605,109.768684
G-YOW,9902.501,17824.502
G-YPA,1155.6396,2080.1514
G-YPC,1.4836942,2.6706495
G-YPH,9.326186,16.787136
G-YPJ,1.2532303,2.2558146
G-YPL,13.304137,23.947447
G-YPM,37.09299,66.76739
G-YPN,2.583346,4.650023
G-YPO,8.099539,14.57917
G-YPR,82.21289,147.9832
G-YPX,9.20317,16.565706
G-YPY,144.88843,260.79916
G-YQB,10820.045,19476.08
G-YQC,2.0143948,3.6259105
G-YQD,168.84402,303.91925
G-YQF,2195.0088,3951.0159
G-YQG,4553.3696,8196.064
G-YQK,129.44157,232.99484
G-YQL,1307.8346,2354.1023
G-YQM,2495.4658,4491.839
G-YQQ,1132.8923,2039.2063
G-YQR,3523.6875,6342.6377
G-YQT,710.53156,1278.9568
G-YQU,949.22974,1708.6135
G-YQX,418.61066,753.4992
G-YQY,1133.8174,2040.8713
G-YQZ,157.15211,282.8738
G-YRA,1.7506021,3.1510837
G-YRB,2.1501024,3.8701842
G-YRG,5.37728,9.679105
G-YRL,36.526592,65.74786
G-YRT,21.860596,39.34907
G-YSB,1117.2078,2010.9739
G-YSG,2.111713,3.801083
G-YSJ,1254.8241,2258.6833
G-YSK,6.4209538,11.557717
G-YSM,59.245712,106.64229
G-YSY,0.70652103,1.2717378
G-YTE,22.748522,40.947342
G-YTF,1131.0519,2035.8934
G-YTH,160.36127,288.65027
G-YTL,3.6690218,6.6042395
G-YTM,909.5915,1637.2648
G-YTQ,1.4992633,2.698674
G-YTS,330.99863,595.79755
G-YTY,21.673012,39.01142
G-YUB,5.071251,9.128252
G-YUD,2.4603295,4.428593
G-YUL,38826.582,69887.85
G-YUM,1431.3032,2576.346
G-YUS,1.4323698,2.5782657
G-YUT,6.0026746,10.804814
G-YUX,5.004675,9.008415
G-YUY,682.19556,1227.952
G-YVB,285.52124,513.93823
G-YVM,4.916616,8.849909
G-YVO,473.27515,851.89526
G-YVP,13.585632,24.454138
G-YVQ,4.2862277,7.7152095
G-YVR,19173.8,34512.84
G-YVZ,10.856025,19.540846
G-YWB,3.7673795,6.7812834
G-YWG,6878.705,12381.67
G-YWJ,3.328499,5.991298
G-YWK,63.77008,114.78614
G-YWL,289.10034,520.3806
G-YWP,6.1800675,11.124122
G-YXC,526.66754,948.0015
G-YXE,3211.1843,5780.132
G-YXH,976.1523,1757.0741
G-YXJ,198.06985,356.52576
G-YXL,42.78218,77.00792
G-YXN,3.1994696,5.759045
G-YXP,12.739173,22.93051
G-YXS,644.57623,1160.2372
G-YXT,188.33963,339.01132
G-YXU,4300.5845,7741.0522
G-YXX,4241.1997,7634.159
G-YXY,212.10864,381.79556
G-YYB,1091.94,1965.4918
G-YYC,11753.295,21155.932
G-YYD,207.52562,373.5461
G-YYE,50.11274,90.20293
G-YYF,578.04974,1040.4895
G-YYG,1048.4836,1887.2705
G-YYH,5.4963365,9.893406
G-YYL,43.25524,77.859436
G-YYQ,6.5875926,11.857667
G-YYR,45.458996,81.826195
G-YYT,1283.7916,2310.825
G-YYU,128.79965,231.83939
G-YYY,1269.4916,2285.085
G-YYZ,47944.344,86299.81
G-YZF,115.30423,207.54762
G-YZG,7.296415,13.133547
G-YZP,7.85692,14.142456
G-YZR,1260.8911,2269.604
G-YZS,7.10341,12.786138
G-YZT,76.26359,137.27446
G-YZV,265.2312,477.41617
G-YZY,3.9554646,7.1198363
G-ZAD,378.15186,680.67334
G-ZAG,1788.2018,3218.7632
G-ZAH,7942.156,14295.88
G-ZAJ,210.14189,378.25543
G-ZAL,494.09268,889.3668
G-ZAM,619.90344,1115.8262
G-ZAT,23.339518,42.01113
G-ZAZ,17294.545,31130.18
G-ZBF,948.14453,1706.6602
G-ZBL,50.598633,91.07754
G-ZBR,6918.4316,12453.177
G-ZCL,455.61124,820.1002
G-ZCO,1502.0269,2703.6482
G-ZEL,10.025292,18.045527
G-ZEM,4.6515603,8.372808
G-ZFM,6.311588,11.360858
G-ZFN,2.4414227,4.394561
G-ZGS,20.474554,36.8542
G-ZHA,51.53013,92.75423
G-ZHY,3.2834516,5.910213
G-ZIG,1300.5326,2340.9587
G-ZIH,222.49944,400.499
G-ZKE,11.283973,20.311152
G-ZKP,4.0725174,7.330531
G-ZLO,169.17792,304.52026
G-ZLX,54.11992,97.415855
G-ZMD,119.08897,214.36014
G-ZMT,15.3981905,27.716743
G-ZND,9488.886,17079.994
G-ZNE,5.671536,10.208765
G-ZNZ,30.733894,55.32101
G-ZOS,591.5901,1064.862
G-ZPB,17.929749,32.27355
G-ZPC,364.2855,655.71387
G-ZQN,11.189342,20.140816
G-ZRH,30865.295,55557.53
G-ZRJ,4.0969696,7.374545
G-ZSJ,41.63679,74.94622
G-ZTH,31.77465,57.19437
G-ZUM,2.3808222,4.28548
G-ZYI,17.274712,31.094482
G-ZYL,1742.8134,3137.064
G-ZZO,25.529194,45.95255
GB,1075004.0,1935007.2
GE,1300.0,2340.0
GH,8000.0,14400.0
GN,500.0,900.0
GQ,200.0,360.0
GR,5025.0,9045.0
GT,904.0,1627.2
GY,801.0,1441.8
HN,4031.0,7255.8
HR,3751.0,6751.8
HT,100.0,180.0
HU,8458.0,15224.4
ID,49509.0,89116.2
IE,42876.0,77176.8
IL,12155.0,21879.0
IN,295981.0,532765.8
IQ,2990.0,5382.0
IR,656034.0,1180861.2
IS,1642.0,2955.6
IT,876545.0,1577781.0
JM,912.0,1641.6
JO,398.0,716.4
JP,54535.0,98163.0
KE,2155.0,3879.0
KG,3000.0,5400.0
KH,1000.0,1800.0
KR,818.0,1472.4
KW,1200.0,2160.0
KZ,3280.0,5904.0
LB,554.0,997.2
LC,100.0,180.0
LK,525.0,945.0
LR,2829.0,5092.2
LT,1711.0,3079.8
LU,3642.0,6555.6
LV,570.0,1026.0
MA,23101.0,41581.8
MC,116.0,208.8
MD,10420.0,18756.0
ME,2800.0,5040.0
MG,800.0,1440.0
MK,4444.0,7999.2
MN,5.0,9.0
MR,500.0,900.0
MT,574.0,1033.2
MU,962.0,1731.6
MV,200.0,360.0
MX,51189.0,92140.2
MY,6681.0,12025.8
NA,400.0,720.0
NE,16544.0,29779.2
NG,4938.0,8888.4
NI,2000.0,3600.0
NL,227551.0,409591.8
NO,5875.0,10575.0
NP,2000.0,3600.0
NZ,1271.0,2287.8
OM,1961.0,3529.8
PA,23016.0,41428.8
PE,132533.0,238559.4
PG,250.0,450.0
PH,41542.0,74775.6
PK,16559.0,29806.2
PL,27258.0,49064.4
PT,69244.0,124639.2
PY,574.0,1033.2
QA,5321.0,9577.8
RO,43929.0,79072.2
RS,27438.0,49388.4
RU,82447.0,148404.6
RW,2000.0,3600.0
SA,16879.0,30382.2
SC,200.0,360.0
SD,1000.0,1800.0
SE,63151.0,113671.8
SG,1285.0,2313.0
SI,2661.0,4789.8
SK,712.0,1281.6
SN,6000.0,10800.0
SO,2000.0,3600.0
SR,20.0,36.0
SV,1478.0,2660.4
SZ,120.0,216.0
TD,200.0,360.0
TG,446.0,802.8
TH,4399.0,7918.2
TN,3135.0,5643.0
TR,439388.0,790898.4
TT,3000.0,5400.0
TZ,1000.0,1800.0
UA,26593.0,47867.4
UG,1100.0,1980.0
US,2064195.0,3715551.0
US-AK,4629.408,8332.935
US-AL,30668.262,55202.87
US-AR,18944.191,34099.543
US-AS,2813.3252,5063.9854
US-AZ,40096.445,72173.6
US-CA,247855.27,446139.47
US-CO,35655.227,64179.406
US-CT,22513.477,40524.258
US-DC,4416.1294,7949.0327
US-DE,6090.9966,10963.794
US-FL,133688.28,240638.9
US-GA,66147.84,119066.125
US-GU,2813.3252,5063.9854
US-HI,8945.171,16101.308
US-IA,19828.672,35691.61
US-ID,11002.686,19804.834
US-IL,77903.28,140225.9
US-IN,42028.504,75651.305
US-KS,18310.627,32959.13
US-KY,28052.457,50494.426
US-LA,29376.043,52876.875
US-MA,43257.992,77864.39
US-MD,38139.297,68650.734
US-ME,8418.246,15152.844
US-MI,62672.652,112810.77
US-MN,35303.94,63547.098
US-MO,38490.582,69283.05
US-MP,2813.3252,5063.9854
US-MS,18712.094,33681.77
US-MT,6661.8315,11991.297
US-NC,65175.547,117315.984
US-ND,4736.048,8524.886
US-NE,12125.537,21825.967
US-NH,8474.703,15254.465
US-NJ,56663.203,101993.766
US-NM,13116.657,23609.982
US-NV,19176.29,34517.32
US-NY,122572.68,220630.83
US-OH,73361.695,132051.05
US-OK,24721.543,44498.777
US-OR,26346.227,47423.207
US-PA,80443.81,144798.86
US-PR,2813.3252,5063.9854
US-RI,6661.8315,11991.297
US-SC,31922.844,57461.12
US-SD,5507.6157,9913.709
US-TN,42549.156,76588.48
US-TX,180057.64,324103.75
US-UM,2813.3252,5063.9854
US-UT,19816.125,35669.027
US-VA,53482.84,96269.11
US-VI,2813.3252,5063.9854
US-VT,3914.2964,7045.7334
US-WA,47272.656,85090.78
US-WI,36495.797,65692.43
US-WV,11310.059,20358.105
US-WY,3600.651,6481.1714
UY,5000.0,9000.0
UZ,3044.0,5479.2
VC,60.0,108.0
VE,5000.0,9000.0
VN,500.0,900.0
ZA,25000.0,45000.0
ZM,1000.0,1800.0
ZW,3000.0,5400.0
